,Unnamed: 0,Name,version,wmc,dit,noc,cbo,rfc,lcom,ca,ce,npm,lcom3,loc,dam,moa,mfa,cam,ic,cbm,amc,max_cc,avg_cc,bug
0,0,prop-6,452,2,2,0,5,9,1,1,4,1,2.0,49,0.0,0,0.909090909,0.75,1,1,23.5,1,0.5,1
1,1,prop-6,452,3,1,0,1,3,3,1,0,3,2.0,3,0.0,0,0.0,1.0,0,0,0.0,1,1.0,0
2,2,prop-6,452,13,2,0,8,17,78,0,8,13,2.0,49,0.0,0,0.5862068970000001,1.0,1,3,2.769230769,1,0.9231,0
3,3,prop-6,452,2,2,0,5,7,1,1,4,1,2.0,17,0.0,0,0.909090909,0.75,1,2,7.5,1,0.5,0
4,4,prop-6,452,23,1,0,10,23,253,2,8,23,2.0,23,0.0,0,0.0,0.255434783,0,0,0.0,1,1.0,0
5,5,prop-6,452,13,1,0,3,18,26,3,0,13,0.75,134,1.0,0,0.0,0.512820513,0,0,8.923076923,1,0.8462,0
6,6,prop-6,452,12,1,0,8,45,0,4,5,10,0.651515152,234,1.0,1,0.0,0.309090909,0,0,18.0,3,1.5833,1
7,7,prop-6,452,29,1,0,23,48,274,22,1,23,0.8769841270000001,459,1.0,0,0.0,0.310344828,0,0,14.51724138,3,1.1724,0
8,8,prop-6,452,3,2,0,8,14,3,1,7,3,2.0,55,0.0,0,0.75,0.5555555560000001,0,0,17.33333333,2,1.0,0
9,9,prop-6,452,13,2,0,8,17,78,0,8,13,2.0,49,0.0,0,0.5862068970000001,1.0,1,3,2.769230769,1,0.9231,0
10,10,prop-6,452,2,2,0,7,6,1,6,1,2,2.0,16,0.0,0,0.923076923,1.0,0,0,7.0,1,0.5,0
11,11,prop-6,452,5,1,0,16,53,8,1,15,2,1.232758621,364,1.0,0,0.0,0.52,0,0,66.0,8,3.2,0
12,12,prop-6,452,27,1,0,59,45,221,55,5,27,0.91958042,333,0.727272727,3,0.0,0.16296296300000002,1,1,10.92592593,7,1.2963,0
13,13,prop-6,452,3,1,15,17,5,1,15,2,3,0.5,17,1.0,0,0.0,0.666666667,0,0,4.333333333,1,0.6667,0
14,14,prop-6,452,20,1,0,23,94,126,0,23,11,0.885964912,771,1.0,5,0.0,0.20242915,0,0,37.25,9,2.5,1
15,15,prop-6,452,7,1,0,25,41,3,16,9,3,0.666666667,261,1.0,1,0.0,0.333333333,0,0,35.71428571,4,1.5714,0
16,16,prop-6,452,2,2,0,5,9,1,1,4,1,2.0,69,1.0,0,0.909090909,0.75,2,2,32.0,7,3.5,0
17,17,prop-6,452,8,2,0,23,61,6,1,22,2,0.761904762,413,1.0,1,0.7307692309999999,0.3,1,3,49.875,6,2.375,1
18,18,prop-6,452,1,1,0,4,1,0,2,2,1,2.0,1,0.0,0,0.0,1.0,0,0,0.0,1,1.0,0
19,19,prop-6,452,2,1,0,3,7,1,2,1,1,2.0,32,0.0,0,0.0,0.5,0,0,15.0,2,1.0,0
20,20,prop-6,452,3,2,0,8,14,3,1,7,3,2.0,55,0.0,0,0.75,0.5555555560000001,0,0,17.33333333,2,1.0,0
21,21,prop-6,452,10,1,0,6,18,21,3,3,10,0.666666667,174,1.0,0,0.0,0.533333333,0,0,16.0,19,2.7,0
22,22,prop-6,452,5,1,0,8,5,10,3,5,5,2.0,5,0.0,0,0.0,0.433333333,0,0,0.0,1,1.0,0
23,23,prop-6,452,2,1,0,4,14,0,1,3,2,0.0,78,1.0,0,0.0,0.666666667,0,0,37.5,3,1.5,0
24,24,prop-6,452,9,1,0,18,17,16,16,2,9,0.525,112,1.0,1,0.0,0.472222222,0,0,10.88888889,2,0.7778,0
25,25,prop-6,452,6,2,0,10,9,9,10,0,4,0.857142857,91,0.428571429,5,0.764705882,0.4,1,1,13.0,1,0.6667,0
26,26,prop-6,452,16,1,0,15,50,68,0,15,12,0.816666667,365,1.0,7,0.0,0.2,0,0,21.3125,4,1.4375,0
27,27,prop-6,452,6,2,0,11,43,1,0,11,2,1.0,243,1.0,1,0.75,0.44,2,2,37.83333333,4,1.8333,0
28,28,prop-6,452,5,2,0,31,8,6,30,1,3,0.875,79,0.333333333,5,0.8125,0.4166666670000001,1,1,13.6,1,0.6,0
29,29,prop-6,452,10,1,0,1,14,21,0,1,10,0.740740741,109,1.0,1,0.0,0.32,1,1,9.6,7,1.5,0
30,30,prop-6,452,1,1,0,0,2,0,0,0,1,2.0,7,0.0,0,0.0,1.0,0,0,3.0,0,0.0,0
31,31,prop-6,452,2,1,0,2,2,1,2,0,2,2.0,2,0.0,0,0.0,0.875,0,0,0.0,1,1.0,0
32,32,prop-6,452,14,2,0,7,17,91,0,7,14,2.0,54,0.0,0,0.566666667,1.0,1,4,2.857142857,1,0.9286,0
33,33,prop-6,452,16,1,0,5,41,0,2,4,14,0.775,254,0.75,1,0.0,0.257142857,0,0,14.375,3,1.5625,1
34,34,prop-6,452,11,1,0,12,11,55,7,5,11,2.0,11,0.0,0,0.0,0.33766233799999995,0,0,0.0,1,1.0,0
35,35,prop-6,452,7,1,15,20,10,11,15,5,5,0.7777777779999999,39,1.0,2,0.0,0.476190476,0,0,4.1428571430000005,1,0.8571,0
36,36,prop-6,452,13,2,0,8,17,78,0,8,13,2.0,49,0.0,0,0.5862068970000001,1.0,1,3,2.769230769,1,0.9231,0
37,37,prop-6,452,2,2,0,5,7,1,1,4,1,2.0,17,0.0,0,0.909090909,0.75,1,2,7.5,1,0.5,0
38,38,prop-6,452,12,1,0,15,42,16,0,15,10,0.757575758,354,1.0,5,0.0,0.242424242,0,0,28.0,4,1.5,0
39,39,prop-6,452,2,2,0,5,7,1,1,4,1,2.0,17,0.0,0,0.909090909,0.75,1,2,7.5,1,0.5,0
40,40,prop-6,452,8,1,0,17,60,10,1,16,2,0.732142857,495,1.0,3,0.0,0.2875,0,0,59.875,3,1.25,0
41,41,prop-6,452,2,1,0,0,10,1,0,0,2,2.0,45,0.0,0,0.0,0.5,0,0,21.5,4,2.0,0
42,42,prop-6,452,21,1,6,39,76,182,8,31,4,0.95625,495,1.0,4,0.0,0.111111111,0,0,21.80952381,2,1.0952,0
43,43,prop-6,452,5,4,2,11,8,8,11,0,4,1.0,26,1.0,0,0.894736842,0.6,0,0,3.8,1,0.4,0
44,44,prop-6,452,2,4,0,15,43,0,1,14,2,0.666666667,402,1.0,0,0.996168582,0.5555555560000001,2,3,198.5,17,8.5,0
45,45,prop-6,452,2,2,0,5,9,1,1,4,1,2.0,29,0.0,0,0.909090909,0.75,1,2,13.5,1,0.5,0
46,46,prop-6,452,2,1,0,3,9,1,0,3,1,1.0,26,0.0,1,0.0,1.0,0,0,11.5,0,0.0,0
47,47,prop-6,452,13,2,0,8,17,78,0,8,13,2.0,49,0.0,0,0.5862068970000001,1.0,1,3,2.769230769,1,0.9231,0
48,48,prop-6,452,4,1,0,0,8,0,0,0,4,0.333333333,23,1.0,0,0.0,0.625,0,0,4.5,1,0.75,0
49,49,prop-6,452,3,2,0,8,14,3,1,7,3,2.0,54,0.0,0,0.75,0.5555555560000001,0,0,17.0,2,1.0,0
50,50,prop-6,452,13,2,0,9,19,78,0,9,13,2.0,57,0.0,0,0.5862068970000001,1.0,1,3,3.384615385,1,0.9231,0
51,51,prop-6,452,16,1,0,20,65,88,0,20,9,0.857142857,367,1.0,6,0.0,0.158974359,0,0,21.5,5,1.4375,0
52,52,prop-6,452,8,1,0,7,13,10,7,0,7,0.8,75,1.0,0,0.0,0.34375,0,0,7.75,2,0.875,1
53,53,prop-6,452,13,2,0,8,17,78,0,8,13,2.0,49,0.0,0,0.5862068970000001,1.0,1,3,2.769230769,1,0.9231,0
54,54,prop-6,452,1,1,0,0,2,0,0,0,1,2.0,77,0.0,0,0.0,1.0,0,0,3.0,0,0.0,0
55,55,prop-6,452,3,5,0,16,6,3,15,1,2,1.5,16,1.0,0,1.0,0.666666667,0,0,4.0,0,0.0,0
56,56,prop-6,452,7,2,0,7,17,21,1,7,7,2.0,73,0.0,0,0.25,0.428571429,0,0,9.428571429,2,1.0,0
57,57,prop-6,452,29,1,0,14,46,260,10,4,28,0.89010989,443,1.0,3,0.0,0.183908046,1,1,13.82758621,8,1.4138,0
58,58,prop-6,452,3,2,0,9,14,3,2,7,3,2.0,67,0.0,0,0.75,0.5555555560000001,0,0,21.33333333,3,1.3333,0
59,59,prop-6,452,4,1,0,9,28,4,1,9,2,1.274509804,223,1.0,0,0.0,0.5,0,0,50.5,5,1.75,0
60,60,prop-6,452,3,2,0,8,15,3,1,7,3,2.0,63,0.0,0,0.75,0.5,0,0,20.0,2,1.0,0
61,61,prop-6,452,11,1,0,8,11,55,3,5,11,2.0,11,0.0,0,0.0,0.348484848,0,0,0.0,1,1.0,0
62,62,prop-6,452,1,1,0,0,2,0,0,0,1,2.0,38,0.0,0,0.0,1.0,0,0,3.0,0,0.0,1
63,63,prop-6,452,11,1,0,2,12,31,2,0,10,0.86,64,1.0,0,0.0,0.681818182,0,0,4.363636364,1,0.8182,0
64,64,prop-6,452,6,2,0,32,14,11,31,1,4,0.857142857,129,0.28571428600000004,6,0.764705882,0.4,1,1,19.33333333,3,1.0,1
65,65,prop-6,452,18,1,0,21,35,95,17,5,17,0.909090909,235,1.0,3,0.0,0.180555556,1,1,11.44444444,7,1.3889,0
66,66,prop-6,452,13,2,0,8,17,78,0,8,13,2.0,49,0.0,0,0.5862068970000001,1.0,1,3,2.769230769,1,0.9231,0
67,67,prop-6,452,3,2,0,7,14,3,1,6,3,2.0,46,0.0,0,0.75,0.5,0,0,14.33333333,1,0.6667,0
68,68,prop-6,452,7,2,0,13,39,9,0,13,1,1.0625,366,1.0,4,0.705882353,0.533333333,1,1,47.85714286,4,1.5714,0
69,69,prop-6,452,11,1,0,18,49,51,1,17,4,1.076923077,350,1.0,1,0.0,0.4,0,0,28.45454545,3,1.4545,2
70,70,prop-6,452,37,1,0,40,60,492,38,6,25,0.8402777779999999,441,1.0,2,0.0,0.148648649,1,1,10.702702699999998,7,1.4865,1
71,71,prop-6,452,10,1,0,3,14,0,3,0,9,0.694444444,164,1.0,0,0.0,0.5,1,1,15.0,13,2.3,1
72,72,prop-6,452,24,4,0,13,49,276,0,13,24,1.043478261,189,1.0,0,0.629032258,0.25,0,0,6.833333333,1,0.9583,0
73,73,prop-6,452,4,1,0,6,15,0,1,5,3,0.666666667,68,1.0,1,0.0,0.5555555560000001,0,0,15.25,3,1.0,0
74,74,prop-6,452,2,2,0,4,10,1,0,4,2,2.0,30,0.0,0,0.666666667,0.75,0,0,14.0,2,1.0,0
75,75,prop-6,452,6,2,0,4,14,11,3,1,4,0.875,141,0.25,7,0.764705882,0.4,1,1,21.16666667,3,1.0,0
76,76,prop-6,452,3,2,0,8,14,3,1,7,3,2.0,52,0.0,0,0.75,0.5555555560000001,0,0,16.33333333,2,1.0,0
77,77,prop-6,452,2,2,0,5,13,1,1,4,1,2.0,76,0.0,0,0.909090909,0.75,2,2,37.0,5,2.5,0
78,78,prop-6,452,5,1,0,8,5,10,7,1,5,2.0,5,0.0,0,0.0,0.44,0,0,0.0,1,1.0,0
79,79,prop-6,452,13,2,0,9,19,78,0,9,13,2.0,81,0.0,0,0.5862068970000001,1.0,1,3,5.230769231,1,0.9231,1
80,80,prop-6,452,4,2,0,7,25,2,1,7,1,1.142857143,91,1.0,1,0.857142857,0.4166666670000001,1,1,20.0,1,0.5,0
81,81,prop-6,452,3,2,0,8,14,3,1,7,3,2.0,103,0.0,0,0.75,0.5555555560000001,0,0,33.33333333,5,2.0,0
82,82,prop-6,452,4,1,0,28,4,6,25,3,4,2.0,4,0.0,0,0.0,0.7,0,0,0.0,1,1.0,0
83,83,prop-6,452,2,2,0,8,12,1,0,8,2,1.0,59,1.0,0,0.833333333,1.0,0,0,25.0,1,0.5,0
84,84,prop-6,452,3,1,0,5,17,0,0,5,3,0.5,94,1.0,0,0.0,0.666666667,0,0,29.66666667,1,0.6667,0
85,85,prop-6,452,6,1,0,9,6,15,7,2,6,2.0,6,0.0,0,0.0,0.466666667,0,0,0.0,1,1.0,0
86,86,prop-6,452,5,1,0,7,5,10,5,2,5,2.0,5,0.0,0,0.0,0.44,0,0,0.0,1,1.0,0
87,87,prop-6,452,4,1,0,4,5,0,4,0,3,0.833333333,22,1.0,0,0.0,0.75,0,0,4.0,1,0.5,0
88,88,prop-6,452,6,2,0,2,14,11,1,1,4,0.666666667,81,0.666666667,2,0.764705882,0.4,1,1,12.0,3,1.0,0
89,89,prop-6,452,1,1,0,3,1,0,2,1,1,2.0,1,0.0,0,0.0,1.0,0,0,0.0,1,1.0,0
90,90,prop-6,452,3,1,0,2,13,3,2,0,1,2.0,90,0.0,0,0.0,0.444444444,0,0,29.0,6,2.6667,0
91,91,prop-6,452,12,2,0,12,25,66,6,12,12,2.0,110,0.0,0,0.153846154,0.297619048,0,0,8.166666667000001,1,0.9167,1
92,92,prop-6,452,9,2,0,10,20,36,4,10,9,2.0,77,0.0,0,0.2,0.301587302,0,0,7.555555556,1,0.8889,0
93,93,prop-6,452,3,2,0,8,14,3,1,7,3,2.0,55,0.0,0,0.75,0.5555555560000001,0,0,17.33333333,2,1.0,0
94,94,prop-6,452,38,1,0,27,62,457,25,6,28,0.844594595,454,1.0,2,0.0,0.15,1,1,10.73684211,7,1.4737,0
95,95,prop-6,452,9,1,0,3,13,4,3,0,9,0.625,90,1.0,0,0.0,0.7222222220000001,0,0,8.666666667000001,1,0.7778,0
96,96,prop-6,452,1,1,0,0,2,0,0,0,1,2.0,32,0.0,0,0.0,1.0,0,0,3.0,0,0.0,0
97,97,prop-6,452,9,1,0,7,16,6,7,0,8,0.708333333,104,1.0,0,0.0,0.311111111,1,1,10.22222222,5,1.2222,0
98,98,prop-6,452,14,2,0,8,19,91,0,8,14,2.0,86,0.0,0,0.566666667,1.0,1,4,5.1428571430000005,1,0.9286,0
99,99,prop-6,452,12,1,0,36,16,40,36,0,10,0.818181818,119,0.75,0,0.0,0.3,1,1,8.583333332999999,7,1.4167,0
100,100,prop-6,452,13,2,0,9,19,78,0,9,13,2.0,81,0.0,0,0.5862068970000001,1.0,1,3,5.230769231,1,0.9231,1
101,101,prop-6,452,12,1,0,17,50,18,12,7,7,0.727272727,253,1.0,0,0.0,0.327272727,0,0,19.75,5,1.5833,0
102,102,prop-6,452,4,1,0,8,21,0,1,7,2,1.0,168,1.0,1,0.0,0.4,0,0,39.0,3,1.5,0
103,103,prop-6,452,6,1,0,2,7,3,2,0,5,0.8,35,1.0,0,0.0,0.5555555560000001,0,0,4.333333333,1,0.6667,0
104,104,prop-6,452,4,2,0,3,8,6,0,3,4,2.0,22,0.0,0,0.4,1.0,0,0,4.5,1,0.75,0
105,105,prop-6,452,11,1,0,13,33,13,0,13,4,1.0,226,0.9,1,0.0,0.425,0,0,18.63636364,1,0.8182,0
106,106,prop-6,452,6,2,0,18,41,7,1,17,2,0.666666667,216,1.0,0,0.791666667,0.3666666670000001,1,3,34.5,5,2.3333,0
107,107,prop-6,452,12,1,0,6,34,36,5,1,7,0.727272727,342,1.0,0,0.0,0.464285714,0,0,27.16666667,4,1.8333,0
108,108,prop-6,452,35,1,0,34,141,383,0,34,32,0.892156863,684,1.0,8,0.0,0.111111111,0,0,18.28571429,6,1.3714,1
109,109,prop-6,452,5,2,0,10,42,2,0,10,1,1.125,262,1.0,1,0.8,0.5625,1,1,49.0,6,1.6,1
110,110,prop-6,452,7,2,0,11,17,21,4,11,7,2.0,80,0.0,0,0.25,0.30952381,0,0,10.42857143,1,0.8571,0
111,111,prop-6,452,11,1,0,9,11,55,7,2,11,2.0,11,0.0,0,0.0,0.311688312,0,0,0.0,1,1.0,1
112,112,prop-6,452,6,1,0,7,33,11,1,6,3,1.085714286,169,1.0,0,0.0,0.6,0,0,26.0,5,1.6667,0
113,113,prop-6,452,9,1,0,21,43,20,0,21,8,0.854166667,252,1.0,5,0.0,0.204545455,0,0,26.33333333,5,1.5556,0
114,114,prop-6,452,13,2,0,8,17,78,0,8,13,2.0,49,0.0,0,0.5862068970000001,1.0,1,3,2.769230769,1,0.9231,0
115,115,prop-6,452,2,3,0,3,19,1,0,3,2,2.0,91,1.0,0,0.961538462,1.0,1,2,44.0,5,2.5,0
116,116,prop-6,452,4,2,0,5,9,6,0,5,4,2.0,38,0.0,0,0.4,0.4,0,0,8.5,1,0.75,0
117,117,prop-6,452,3,5,0,9,6,3,8,1,2,1.5,16,1.0,0,1.0,0.666666667,0,0,4.0,0,0.0,0
118,118,prop-6,452,5,1,0,11,37,0,1,10,2,0.5,234,1.0,2,0.0,0.3666666670000001,0,0,45.0,4,2.2,0
119,119,prop-6,452,16,1,0,22,27,76,21,2,15,0.783333333,171,1.0,2,0.0,0.260416667,1,1,9.4375,7,1.4375,0
120,120,prop-6,452,8,1,0,6,14,2,6,0,7,0.7857142859999999,99,1.0,0,0.0,0.3,1,1,10.875,5,1.25,0
121,121,prop-6,452,4,1,0,3,7,6,3,0,4,2.0,17,0.0,0,0.0,1.0,0,0,3.25,1,0.75,0
122,122,prop-6,452,2,1,0,6,2,1,4,2,2,2.0,2,0.0,0,0.0,0.583333333,0,0,0.0,1,1.0,0
123,123,prop-6,452,4,2,0,12,31,2,0,12,1,1.0,179,1.0,3,0.857142857,0.583333333,1,1,41.0,4,1.25,0
124,124,prop-6,452,11,1,0,2,15,37,1,1,11,0.85,109,1.0,1,0.0,0.242424242,1,1,8.545454545,7,1.5455,0
125,125,prop-6,452,8,2,0,20,52,18,1,19,2,0.7857142859999999,360,1.0,0,0.7307692309999999,0.325,1,3,43.5,6,2.5,0
126,126,prop-6,452,13,2,0,8,17,78,0,8,13,2.0,49,0.0,0,0.5862068970000001,1.0,1,3,2.769230769,1,0.9231,0
127,127,prop-6,452,2,2,0,5,7,1,1,4,1,2.0,17,0.0,0,0.909090909,0.75,1,2,7.5,1,0.5,0
128,128,prop-6,452,2,2,0,4,5,1,1,3,1,2.0,11,0.0,0,0.909090909,0.75,1,1,4.5,1,0.5,0
129,129,prop-6,452,1,1,0,3,1,0,2,1,1,2.0,1,0.0,0,0.0,1.0,0,0,0.0,1,1.0,0
130,130,prop-6,452,6,2,0,12,37,7,0,12,1,1.122222222,302,1.0,1,0.75,0.52,1,1,46.33333333,2,0.8333,0
131,131,prop-6,452,1,1,0,23,1,0,23,1,1,2.0,1,0.0,0,0.0,1.0,0,0,0.0,1,1.0,0
132,132,prop-6,452,14,1,11,19,44,61,11,8,9,0.89010989,214,1.0,0,0.0,0.307692308,0,0,13.78571429,5,1.4286,0
133,133,prop-6,452,10,1,0,8,21,0,8,0,10,0.666666667,140,1.0,0,0.0,0.34,0,0,12.6,2,0.8,0
134,134,prop-6,452,14,2,0,7,17,91,0,7,14,2.0,54,0.0,0,0.566666667,1.0,1,4,2.857142857,1,0.9286,0
135,135,prop-6,452,8,1,0,9,9,14,8,1,7,0.857142857,46,1.0,1,0.0,0.458333333,0,0,4.25,1,0.75,0
136,136,prop-6,452,17,1,0,76,25,88,74,2,15,0.854166667,163,1.0,2,0.0,0.205882353,1,1,8.235294117999999,7,1.2941,0
137,137,prop-6,452,7,1,0,5,7,21,3,2,7,2.0,7,0.0,0,0.0,0.5,0,0,0.0,1,1.0,0
138,138,prop-6,452,13,2,0,8,17,78,0,8,13,2.0,49,0.0,0,0.5862068970000001,1.0,1,3,2.769230769,1,0.9231,0
139,139,prop-6,452,2,2,0,5,7,1,1,4,1,2.0,17,0.0,0,0.909090909,0.75,1,2,7.5,1,0.5,0
140,140,prop-6,452,3,2,0,7,14,3,1,6,3,2.0,48,0.0,0,0.75,0.5555555560000001,0,0,15.0,1,0.6667,0
141,141,prop-6,452,1,1,0,0,2,0,0,0,0,2.0,13,0.0,0,0.0,1.0,0,0,3.0,0,0.0,1
142,142,prop-6,452,19,1,0,31,135,115,0,31,16,0.833333333,798,1.0,8,0.0,0.136842105,0,0,40.52631579,13,2.3158,1
143,143,prop-6,452,5,1,0,20,12,0,16,4,5,0.0,43,1.0,0,0.0,0.64,0,0,7.4,1,0.8,0
144,144,prop-6,452,17,1,0,4,30,24,3,1,16,0.7589285709999999,343,1.0,1,0.0,0.317647059,1,1,18.76470588,22,2.5882,0
145,145,prop-6,452,8,1,0,6,8,28,5,1,8,2.0,8,0.0,0,0.0,0.4,0,0,0.0,1,1.0,0
146,146,prop-6,452,1,1,0,0,2,0,0,0,1,2.0,11,0.0,0,0.0,1.0,0,0,3.0,0,0.0,0
147,147,prop-6,452,13,2,0,9,19,78,0,9,13,2.0,57,0.0,0,0.5862068970000001,1.0,1,3,3.384615385,1,0.9231,0
148,148,prop-6,452,8,2,0,10,20,28,4,10,8,2.0,83,0.0,0,0.222222222,0.46875,0,0,9.375,3,1.125,1
149,149,prop-6,452,7,1,0,6,7,21,4,2,7,2.0,7,0.0,0,0.0,0.342857143,0,0,0.0,1,1.0,0
150,150,prop-6,452,4,1,0,15,4,6,14,1,4,2.0,4,0.0,0,0.0,0.625,0,0,0.0,1,1.0,0
151,151,prop-6,452,6,2,0,8,20,15,0,8,6,2.0,83,0.0,0,0.28571428600000004,0.833333333,0,0,12.83333333,2,1.1667,0
152,152,prop-6,452,3,3,0,3,4,1,2,1,3,1.0,15,1.0,0,0.964912281,0.666666667,0,0,3.333333333,1,0.6667,0
153,153,prop-6,452,9,1,0,6,29,26,1,5,3,0.6875,200,1.0,2,0.0,0.291666667,0,0,20.77777778,3,1.6667,0
154,154,prop-6,452,10,1,0,11,55,37,1,10,5,0.5555555560000001,447,1.0,2,0.0,0.35714285700000004,0,0,43.5,9,2.6,0
155,155,prop-6,452,6,2,0,9,15,15,3,9,6,2.0,60,0.0,0,0.28571428600000004,0.4,0,0,9.0,1,0.8333,0
156,156,prop-6,452,3,1,0,16,30,0,1,15,2,0.166666667,178,1.0,3,0.0,0.5,0,0,57.33333333,9,3.6667,0
157,157,prop-6,452,3,2,0,6,8,3,1,6,3,2.0,21,0.0,0,0.5,0.5555555560000001,0,0,6.0,1,0.6667,0
158,158,prop-6,452,4,2,0,10,28,2,0,10,1,1.148148148,153,1.0,1,0.857142857,0.583333333,1,1,35.0,3,1.0,0
159,159,prop-6,452,15,1,0,23,27,51,23,1,15,0.767857143,169,1.0,0,0.0,0.32,1,1,10.0,7,1.4,0
160,160,prop-6,452,5,1,0,27,15,10,26,1,4,2.0,89,0.0,0,0.0,0.266666667,0,0,16.8,3,1.2,0
161,161,prop-6,452,4,2,0,10,23,2,0,10,1,1.125,118,1.0,1,0.857142857,0.583333333,1,1,26.5,1,0.5,0
162,162,prop-6,452,6,1,0,20,47,13,0,20,4,1.16,274,1.0,1,0.0,0.4166666670000001,0,0,43.0,2,1.1667,0
163,163,prop-6,452,13,2,0,8,17,78,0,8,13,2.0,49,0.0,0,0.5862068970000001,1.0,1,3,2.769230769,1,0.9231,1
164,164,prop-6,452,4,1,0,0,5,0,0,0,4,1.0,23,0.333333333,0,0.0,0.75,0,0,4.0,1,0.5,0
165,165,prop-6,452,15,1,0,7,19,83,6,1,15,0.904761905,129,1.0,1,0.0,0.20952381,1,1,7.2,7,1.4,0
166,166,prop-6,452,6,2,0,22,37,13,2,21,2,0.6,157,1.0,0,0.791666667,0.3666666670000001,1,3,25.0,4,1.8333,0
167,167,prop-6,452,2,2,0,5,8,1,1,4,1,2.0,81,1.0,0,0.909090909,0.75,1,2,37.5,2,1.0,0
168,168,prop-6,452,6,2,0,21,49,0,1,20,2,0.64,274,1.0,1,0.791666667,0.333333333,1,3,43.83333333,5,2.1667,1
169,169,prop-6,452,8,1,0,5,13,10,4,1,8,0.6190476189999999,56,1.0,0,0.0,0.75,0,0,5.625,1,0.875,0
170,170,prop-6,452,33,1,0,27,66,270,22,5,33,0.869318182,509,1.0,3,0.0,0.151515152,0,0,14.09090909,4,1.0909,0
171,171,prop-6,452,2,2,0,5,7,1,1,4,1,2.0,17,0.0,0,0.909090909,0.75,1,2,7.5,1,0.5,0
172,172,prop-6,452,4,1,0,10,32,4,1,10,2,1.242424242,223,1.0,0,0.0,0.5,0,0,52.0,3,1.25,0
173,173,prop-6,452,11,1,0,7,22,17,7,0,10,0.814285714,150,1.0,0,0.0,0.424242424,0,0,12.0,3,1.0,0
174,174,prop-6,452,2,2,0,5,7,1,1,4,1,2.0,17,0.0,0,0.909090909,0.75,1,2,7.5,1,0.5,0
175,175,prop-6,452,9,1,0,30,42,36,21,9,8,2.0,207,0.0,0,0.0,0.351851852,0,0,22.0,7,1.5556,0
176,176,prop-6,452,8,1,0,8,8,28,6,2,8,2.0,8,0.0,0,0.0,0.53125,0,0,0.0,1,1.0,0
177,177,prop-6,452,3,2,0,8,14,3,1,7,3,2.0,63,0.0,0,0.75,0.5555555560000001,0,0,20.0,3,1.3333,0
178,178,prop-6,452,2,2,0,7,12,1,0,7,2,1.0,110,1.0,0,0.833333333,1.0,0,0,51.5,1,0.5,0
179,179,prop-6,452,6,2,0,24,55,0,2,23,2,0.64,291,1.0,1,0.791666667,0.333333333,1,3,46.66666667,5,2.3333,1
180,180,prop-6,452,18,1,0,19,77,147,5,14,6,0.862745098,596,1.0,3,0.0,0.234567901,0,0,31.94444444,8,2.6667,1
181,181,prop-6,452,2,2,0,5,7,1,1,4,1,2.0,17,0.0,0,0.909090909,0.75,1,2,7.5,1,0.5,0
182,182,prop-6,452,3,2,0,11,15,3,4,7,3,2.0,93,0.0,0,0.75,0.5555555560000001,0,0,30.0,4,1.6667,0
183,183,prop-6,452,4,1,0,5,18,4,1,4,2,1.142857143,128,1.0,2,0.0,0.5,0,0,29.25,2,1.25,0
184,184,prop-6,452,5,1,0,4,5,10,3,1,5,2.0,5,0.0,0,0.0,0.9,0,0,0.0,1,1.0,0
185,185,prop-6,452,15,1,0,13,42,41,0,13,15,0.8469387759999999,221,0.857142857,6,0.0,0.2,0,0,13.26666667,5,1.3333,0
186,186,prop-6,452,23,1,0,16,23,253,9,8,23,2.0,23,0.0,0,0.0,0.293478261,0,0,0.0,1,1.0,0
187,187,prop-6,452,4,1,0,9,35,4,1,8,2,1.308641975,300,1.0,2,0.0,0.4375,0,0,67.25,5,2.25,2
188,188,prop-6,452,2,2,0,7,11,1,0,7,2,1.0,46,1.0,0,0.833333333,1.0,0,0,20.5,1,0.5,0
189,189,prop-6,452,33,1,0,15,77,344,7,11,32,0.883522727,564,1.0,1,0.0,0.157575758,1,1,15.75757576,5,1.3636,1
190,190,prop-6,452,5,1,0,39,18,0,36,3,3,0.25,75,1.0,1,0.0,0.25,0,0,13.6,4,1.6,0
191,191,prop-6,452,6,1,0,1,13,15,1,0,5,2.0,385,0.0,0,0.0,0.458333333,0,0,63.16666667,47,9.0,0
192,192,prop-6,452,5,3,0,8,31,10,0,8,3,1.25,135,1.0,0,0.8620689659999999,0.4,2,2,25.8,1,0.8,0
193,193,prop-6,452,6,2,0,2,14,11,1,1,4,0.8,105,0.4,4,0.764705882,0.4,1,1,15.66666667,3,1.0,0
194,194,prop-6,452,13,2,0,9,19,78,0,9,13,2.0,65,0.0,0,0.5862068970000001,1.0,1,3,4.0,1,0.9231,0
195,195,prop-6,452,4,2,0,11,29,2,0,11,1,1.214285714,247,1.0,1,0.857142857,0.583333333,1,1,57.25,8,2.25,1
196,196,prop-6,452,4,1,0,18,44,4,1,17,3,0.666666667,221,1.0,1,0.0,0.375,0,0,54.0,4,1.5,0
197,197,prop-6,452,20,1,0,6,42,118,4,3,20,0.8105263159999999,264,1.0,1,0.0,0.188888889,1,1,11.95,7,1.45,0
198,198,prop-6,452,5,1,0,7,21,6,1,6,4,1.083333333,148,1.0,3,0.0,0.533333333,0,0,26.8,3,1.2,0
199,199,prop-6,452,2,2,0,7,11,1,0,7,2,1.0,35,1.0,0,0.833333333,1.0,0,0,16.0,1,0.5,0
200,200,prop-6,452,2,2,0,5,9,1,1,4,1,2.0,49,0.0,0,0.909090909,0.75,1,1,23.5,1,0.5,1
201,201,prop-6,452,3,2,0,8,14,3,1,7,3,2.0,103,0.0,0,0.75,0.5555555560000001,0,0,33.33333333,6,2.3333,0
202,202,prop-6,452,23,1,0,11,23,253,1,10,23,2.0,23,0.0,0,0.0,0.255434783,0,0,0.0,1,1.0,0
203,203,prop-6,452,3,1,0,3,3,3,1,2,3,2.0,3,0.0,0,0.0,0.466666667,0,0,0.0,1,1.0,0
204,204,prop-6,452,4,1,0,6,4,6,5,1,4,2.0,4,0.0,0,0.0,0.6875,0,0,0.0,1,1.0,0
205,205,prop-6,452,2,1,0,5,2,1,4,1,2,2.0,2,0.0,0,0.0,0.666666667,0,0,0.0,1,1.0,0
206,206,prop-6,452,22,1,0,25,86,167,0,25,19,0.869047619,464,1.0,7,0.0,0.14285714300000002,0,0,19.72727273,4,1.3636,1
207,207,prop-6,452,6,2,0,2,14,11,1,1,4,0.8,105,0.4,4,0.764705882,0.4,1,1,15.66666667,3,1.0,0
208,208,prop-6,452,8,1,0,8,8,28,6,2,8,2.0,8,0.0,0,0.0,0.321428571,0,0,0.0,1,1.0,0
209,209,prop-6,452,15,1,0,3,21,63,3,1,15,0.828571429,152,1.0,1,0.0,0.238095238,1,1,8.8,7,1.4,0
210,210,prop-6,452,14,1,0,17,49,73,1,16,11,0.802197802,309,1.0,7,0.0,0.17032967,0,0,20.57142857,7,1.7857,0
211,211,prop-6,452,5,2,0,13,32,2,0,13,1,0.75,163,1.0,1,0.8,0.625,1,1,31.0,1,0.6,0
212,212,prop-6,452,3,2,0,8,14,3,1,7,3,2.0,52,0.0,0,0.75,0.5555555560000001,0,0,16.33333333,2,1.0,0
213,213,prop-6,452,4,1,0,5,4,6,5,0,4,2.0,4,0.0,0,0.0,0.833333333,0,0,0.0,1,1.0,0
214,214,prop-6,452,6,2,0,2,14,11,1,1,4,0.833333333,117,0.333333333,5,0.764705882,0.4,1,1,17.5,3,1.0,0
215,215,prop-6,452,12,1,0,20,16,36,20,1,12,0.795454545,122,1.0,1,0.0,0.316666667,1,1,8.833333332999999,7,1.4167,0
216,216,prop-6,452,11,1,0,7,53,31,0,7,6,0.775,285,1.0,0,0.0,0.225,0,0,24.54545455,7,1.6364,0
217,217,prop-6,452,20,1,0,19,52,126,0,19,20,0.888157895,264,1.0,8,0.0,0.14285714300000002,0,0,11.8,4,1.25,0
218,218,prop-6,452,2,2,0,8,12,1,0,8,2,1.0,56,1.0,0,0.833333333,1.0,0,0,24.0,1,0.5,0
219,219,prop-6,452,18,1,20,28,46,117,20,8,15,0.858823529,221,1.0,0,0.0,0.240740741,1,1,11.0,7,1.4444,0
220,220,prop-6,452,5,1,0,7,14,0,3,4,5,0.333333333,115,1.0,0,0.0,0.566666667,0,0,21.4,4,2.0,0
221,221,prop-6,452,12,1,16,24,42,8,16,8,2,0.704545455,220,1.0,1,0.0,0.218181818,0,0,17.0,4,1.6667,0
222,222,prop-6,452,3,1,0,3,3,3,2,1,3,2.0,3,0.0,0,0.0,0.5,0,0,0.0,1,1.0,1
223,223,prop-6,452,10,1,0,7,12,9,6,1,10,0.8,79,1.0,1,0.0,0.3,0,0,6.4,1,0.7,0
224,224,prop-6,452,5,2,0,30,8,6,29,1,3,0.892857143,91,0.28571428600000004,6,0.8125,0.4166666670000001,1,1,15.8,1,0.6,0
225,225,prop-6,452,6,1,0,11,7,7,10,1,5,0.88,41,1.0,1,0.0,0.375,0,0,5.0,1,0.6667,0
226,226,prop-6,452,2,1,0,1,4,1,0,1,2,2.0,9,0.0,0,0.0,1.0,0,0,3.5,1,0.5,0
227,227,prop-6,452,3,2,0,8,14,3,1,7,3,2.0,72,0.0,0,0.75,0.5555555560000001,0,0,23.0,3,1.3333,0
228,228,prop-6,452,4,2,0,10,27,2,0,10,1,1.166666667,202,1.0,1,0.857142857,0.583333333,1,1,47.0,7,2.0,1
229,229,prop-6,452,4,1,0,2,9,0,2,0,4,0.5,45,1.0,0,0.0,0.666666667,0,0,9.75,3,1.25,0
230,230,prop-6,452,5,1,4,4,9,0,4,0,4,0.375,35,1.0,0,0.0,0.6,0,0,5.6,1,0.8,0
231,231,prop-6,452,4,1,0,9,5,0,9,0,4,0.666666667,28,1.0,0,0.0,0.5,0,0,5.25,1,0.75,0
232,232,prop-6,452,15,1,0,10,23,69,10,0,15,0.7857142859999999,213,1.0,0,0.0,0.3666666670000001,1,1,12.86666667,7,1.7333,0
233,233,prop-6,452,29,1,0,11,50,180,10,1,26,0.726190476,418,1.0,0,0.0,0.226600985,1,1,13.20689655,7,1.2759,0
234,234,prop-6,452,4,3,0,4,35,6,0,4,3,1.333333333,205,1.0,0,0.892857143,0.45,3,3,50.0,1,0.75,0
235,235,prop-6,452,4,2,0,6,10,6,1,6,4,2.0,28,0.0,0,0.4,0.4375,0,0,6.0,1,0.75,1
236,236,prop-6,452,29,1,0,11,41,282,8,3,29,0.895833333,348,1.0,3,0.0,0.183908046,1,1,10.5862069,7,1.2069,1
237,237,prop-6,452,14,2,0,7,17,91,0,7,14,2.0,53,0.0,0,0.566666667,1.0,1,4,2.785714286,1,0.9286,0
238,238,prop-6,452,1,1,0,8,1,0,8,0,1,2.0,1,0.0,0,0.0,1.0,0,0,0.0,1,1.0,0
239,239,prop-6,452,10,1,0,1,23,9,1,0,9,0.7555555559999999,155,1.0,0,0.0,0.65,0,0,14.0,3,1.0,0
240,240,prop-6,452,16,1,0,37,77,108,1,36,9,0.916666667,368,1.0,6,0.0,0.1484375,0,0,21.5,3,1.3125,0
241,241,prop-6,452,9,1,0,5,13,20,4,1,9,0.791666667,99,1.0,1,0.0,0.288888889,1,1,9.666666667000001,7,1.6667,0
242,242,prop-6,452,13,2,0,9,19,78,0,9,13,2.0,81,0.0,0,0.5862068970000001,1.0,1,3,5.230769231,1,0.9231,0
243,243,prop-6,452,9,2,0,10,20,36,5,10,9,2.0,80,0.0,0,0.2,0.377777778,0,0,7.888888888999999,1,0.8889,0
244,244,prop-6,452,6,2,0,7,15,15,2,7,6,2.0,46,0.0,0,0.28571428600000004,0.4,0,0,6.666666667,1,0.8333,0
245,245,prop-6,452,4,1,0,4,22,4,2,3,3,0.333333333,119,0.0,0,0.0,0.5,0,0,28.25,2,1.0,0
246,246,prop-6,452,2,2,0,4,5,1,1,3,1,2.0,11,0.0,0,0.909090909,0.75,1,1,4.5,1,0.5,0
247,247,prop-6,452,6,1,0,2,26,1,1,1,3,0.5,187,1.0,1,0.0,0.333333333,0,0,29.83333333,3,1.1667,0
248,248,prop-6,452,23,1,0,8,23,253,1,7,23,2.0,23,0.0,0,0.0,0.338164251,0,0,0.0,1,1.0,0
249,249,prop-6,452,1,1,0,2,1,0,2,0,1,2.0,1,0.0,0,0.0,1.0,0,0,0.0,1,1.0,0
250,250,prop-6,452,5,1,0,5,14,0,1,4,5,0.25,115,1.0,0,0.0,0.64,0,0,21.6,4,2.0,0
251,251,prop-6,452,7,1,0,5,7,21,3,2,7,2.0,7,0.0,0,0.0,0.535714286,0,0,0.0,1,1.0,0
252,252,prop-6,452,2,1,0,3,2,1,2,1,2,2.0,2,0.0,0,0.0,0.75,0,0,0.0,1,1.0,0
253,253,prop-6,452,4,1,0,3,8,0,2,1,4,0.5,30,1.0,0,0.0,0.5,0,0,6.0,1,0.75,0
254,254,prop-6,452,6,1,0,6,6,15,4,2,6,2.0,6,0.0,0,0.0,0.333333333,0,0,0.0,1,1.0,0
255,255,prop-6,452,2,2,0,4,5,1,0,4,2,2.0,11,0.0,0,0.666666667,0.75,0,0,4.5,1,0.5,0
256,256,prop-6,453,4,1,0,2,9,0,2,0,4,0.5,45,1.0,0,0.0,0.666666667,0,0,9.75,3,1.25,0
257,257,prop-6,453,2,1,0,1,4,1,0,1,2,2.0,9,0.0,0,0.0,1.0,0,0,3.5,1,0.5,0
258,258,prop-6,453,6,1,0,11,7,7,10,1,5,0.88,41,1.0,1,0.0,0.375,0,0,5.0,1,0.6667,0
259,259,prop-6,453,10,1,0,1,23,9,1,0,9,0.7555555559999999,155,1.0,0,0.0,0.65,0,0,14.0,3,1.0,0
260,260,prop-6,453,16,1,0,37,77,108,1,36,9,0.916666667,368,1.0,6,0.0,0.1484375,0,0,21.5,3,1.3125,1
261,261,prop-6,453,7,1,0,5,7,21,3,2,7,2.0,7,0.0,0,0.0,0.535714286,0,0,0.0,1,1.0,0
262,262,prop-6,453,2,1,0,3,2,1,2,1,2,2.0,2,0.0,0,0.0,0.75,0,0,0.0,1,1.0,0
263,263,prop-6,453,6,1,0,6,6,15,4,2,6,2.0,6,0.0,0,0.0,0.333333333,0,0,0.0,1,1.0,0
264,264,prop-6,453,5,1,4,4,9,0,4,0,4,0.375,35,1.0,0,0.0,0.6,0,0,5.6,1,0.8,0
265,265,prop-6,453,15,1,0,10,23,69,10,0,15,0.7857142859999999,213,1.0,0,0.0,0.3666666670000001,1,1,12.86666667,7,1.7333,0
266,266,prop-6,453,29,1,0,11,50,180,10,1,26,0.726190476,418,1.0,0,0.0,0.226600985,1,1,13.20689655,7,1.2759,0
267,267,prop-6,453,8,1,0,6,8,28,5,1,8,2.0,8,0.0,0,0.0,0.4,0,0,0.0,1,1.0,0
268,268,prop-6,453,9,1,0,7,30,0,4,3,9,0.45,141,1.0,2,0.0,0.62962963,0,0,14.11111111,2,1.1111,0
269,269,prop-6,453,5,2,0,8,8,6,7,1,3,0.892857143,91,0.28571428600000004,6,0.8125,0.4166666670000001,1,1,15.8,1,0.6,0
270,270,prop-6,453,1,1,0,8,1,0,8,0,1,2.0,1,0.0,0,0.0,1.0,0,0,0.0,1,1.0,0
271,271,prop-6,453,29,1,0,11,41,282,8,3,29,0.895833333,348,1.0,3,0.0,0.183908046,1,1,10.5862069,7,1.2069,1
272,272,prop-6,453,5,1,0,2,6,4,2,0,5,0.75,31,1.0,0,0.0,0.466666667,0,0,4.6,1,0.8,0
273,273,prop-6,453,4,2,0,6,10,6,1,6,4,2.0,28,0.0,0,0.4,0.4375,0,0,6.0,1,0.75,1
274,274,prop-6,453,4,3,0,4,35,6,0,4,3,1.333333333,205,1.0,0,0.892857143,0.45,3,3,50.0,1,0.75,0
275,275,prop-6,453,2,2,0,4,5,1,0,4,2,2.0,11,0.0,0,0.666666667,0.75,0,0,4.5,1,0.5,0
276,276,prop-6,453,1,1,0,2,1,0,2,0,1,2.0,1,0.0,0,0.0,1.0,0,0,0.0,1,1.0,0
277,277,prop-6,453,25,1,0,8,25,300,1,7,25,2.0,25,0.0,0,0.0,0.337777778,0,0,0.0,1,1.0,0
278,278,prop-6,453,2,2,0,7,11,1,0,7,2,1.0,35,1.0,0,0.833333333,1.0,0,0,16.0,1,0.5,0
279,279,prop-6,453,32,1,0,12,46,448,8,5,32,0.919354839,261,1.0,3,0.0,0.17578125,1,1,6.78125,7,1.3438,0
280,280,prop-6,453,20,1,0,6,42,118,4,3,20,0.8105263159999999,264,1.0,1,0.0,0.188888889,1,1,11.95,7,1.45,0
281,281,prop-6,453,5,1,0,7,21,6,1,6,4,1.0625,134,1.0,3,0.0,0.533333333,0,0,24.2,3,1.2,0
282,282,prop-6,453,4,1,0,18,44,4,1,17,3,0.666666667,221,1.0,1,0.0,0.375,0,0,54.0,4,1.5,0
283,283,prop-6,453,6,2,0,2,14,11,1,1,4,0.8,105,0.4,4,0.764705882,0.4,1,1,15.66666667,3,1.0,0
284,284,prop-6,453,6,2,0,2,14,11,1,1,4,0.8,105,0.4,4,0.764705882,0.4,1,1,15.66666667,3,1.0,0
285,285,prop-6,453,7,1,0,8,7,21,6,2,7,2.0,7,0.0,0,0.0,0.306122449,0,0,0.0,1,1.0,0
286,286,prop-6,453,25,1,0,11,25,300,1,10,25,2.0,25,0.0,0,0.0,0.255,0,0,0.0,1,1.0,0
287,287,prop-6,453,3,1,0,3,3,3,1,2,3,2.0,3,0.0,0,0.0,0.466666667,0,0,0.0,1,1.0,0
288,288,prop-6,453,6,1,0,3,31,1,1,2,3,0.5,203,1.0,1,0.0,0.333333333,0,0,32.5,3,1.3333,0
289,289,prop-6,453,4,1,0,4,22,4,2,3,3,0.333333333,119,0.0,0,0.0,0.5,0,0,28.25,2,1.0,0
290,290,prop-6,453,6,2,0,7,15,15,2,7,6,2.0,46,0.0,0,0.28571428600000004,0.4,0,0,6.666666667,1,0.8333,0
291,291,prop-6,453,9,2,0,10,20,36,5,10,9,2.0,80,0.0,0,0.2,0.377777778,0,0,7.888888888999999,1,0.8889,0
292,292,prop-6,453,9,1,0,5,13,20,4,1,9,0.791666667,99,1.0,1,0.0,0.288888889,1,1,9.666666667000001,7,1.6667,0
293,293,prop-6,453,10,1,0,8,12,9,7,1,10,0.8,79,1.0,1,0.0,0.3,0,0,6.4,1,0.7,0
294,294,prop-6,453,22,1,0,25,87,155,0,25,19,0.863095238,489,1.0,7,0.0,0.14285714300000002,0,0,20.86363636,4,1.4091,2
295,295,prop-6,453,4,1,0,6,4,6,5,1,4,2.0,4,0.0,0,0.0,0.6875,0,0,0.0,1,1.0,0
296,296,prop-6,453,3,1,0,3,3,3,2,1,3,2.0,3,0.0,0,0.0,0.5,0,0,0.0,1,1.0,1
297,297,prop-6,453,6,1,0,1,13,15,1,0,5,2.0,385,0.0,0,0.0,0.458333333,0,0,63.16666667,47,9.0,0
298,298,prop-6,453,8,1,0,7,8,28,5,2,8,2.0,8,0.0,0,0.0,0.5,0,0,0.0,1,1.0,0
299,299,prop-6,453,5,1,0,28,18,0,25,3,3,0.25,75,1.0,1,0.0,0.25,0,0,13.6,4,1.6,0
300,300,prop-6,453,33,1,0,15,78,344,7,11,32,0.884375,543,1.0,1,0.0,0.157575758,1,1,15.15151515,5,1.3636,0
301,301,prop-6,453,2,2,0,7,11,1,0,7,2,1.0,46,1.0,0,0.833333333,1.0,0,0,20.5,1,0.5,0
302,302,prop-6,453,4,1,0,9,35,4,1,8,2,1.307692308,299,1.0,1,0.0,0.4375,0,0,67.25,5,2.25,2
303,303,prop-6,453,15,1,0,11,38,41,0,11,15,0.8214285709999999,185,1.0,6,0.0,0.193333333,0,0,10.93333333,5,1.2667,0
304,304,prop-6,453,5,1,0,4,5,10,3,1,5,2.0,5,0.0,0,0.0,0.9,0,0,0.0,1,1.0,0
305,305,prop-6,453,4,1,0,5,18,4,1,4,2,1.142857143,128,1.0,2,0.0,0.5,0,0,29.25,2,1.25,0
306,306,prop-6,453,9,1,0,22,42,36,13,9,8,2.0,207,0.0,0,0.0,0.351851852,0,0,22.0,7,1.5556,0
307,307,prop-6,453,7,1,0,24,60,13,0,24,4,1.075757576,337,1.0,1,0.0,0.4166666670000001,0,0,45.57142857,3,1.4286,2
308,308,prop-6,453,11,1,0,7,22,17,7,0,10,0.814285714,150,1.0,0,0.0,0.424242424,0,0,12.0,3,1.0,0
309,309,prop-6,453,4,1,0,12,35,4,1,12,2,1.083333333,271,1.0,0,0.0,0.466666667,0,0,65.75,9,3.0,0
310,310,prop-6,453,32,1,0,28,65,252,23,5,32,0.8680351909999999,505,1.0,3,0.0,0.153125,0,0,14.4375,4,1.0938,0
311,311,prop-6,453,6,2,0,21,49,0,1,20,2,0.64,274,1.0,1,0.791666667,0.333333333,1,3,43.83333333,5,2.1667,0
312,312,prop-6,453,6,2,0,22,37,13,2,21,2,0.6,157,1.0,0,0.791666667,0.3666666670000001,1,3,25.0,4,1.8333,0
313,313,prop-6,453,15,1,0,8,19,83,7,1,15,0.904761905,129,1.0,1,0.0,0.20952381,1,1,7.2,7,1.4,0
314,314,prop-6,453,11,1,0,12,43,25,1,11,8,0.7142857140000001,411,1.0,0,0.0,0.44,0,0,35.72727273,5,1.5455,0
315,315,prop-6,453,4,1,0,0,5,0,0,0,4,1.0,23,0.333333333,0,0.0,0.75,0,0,4.0,1,0.5,0
316,316,prop-6,453,18,1,0,18,77,147,4,14,6,0.862745098,596,1.0,3,0.0,0.234567901,0,0,31.94444444,8,2.6667,1
317,317,prop-6,453,6,2,0,24,55,0,2,23,2,0.64,291,1.0,1,0.791666667,0.333333333,1,3,46.66666667,5,2.3333,0
318,318,prop-6,453,2,2,0,7,12,1,0,7,2,1.0,125,1.0,0,0.833333333,1.0,0,0,58.5,1,0.5,0
319,319,prop-6,453,3,1,0,16,30,0,1,15,2,0.166666667,178,1.0,3,0.0,0.5,0,0,57.33333333,9,3.6667,1
320,320,prop-6,453,7,2,0,10,17,21,4,10,7,2.0,71,0.0,0,0.25,0.333333333,0,0,9.142857142999999,1,0.8571,0
321,321,prop-6,453,10,1,0,11,55,37,1,10,5,0.5555555560000001,447,1.0,2,0.0,0.35714285700000004,0,0,43.5,9,2.6,0
322,322,prop-6,453,6,1,0,7,6,15,5,2,6,2.0,6,0.0,0,0.0,0.4166666670000001,0,0,0.0,1,1.0,0
323,323,prop-6,453,9,1,0,6,29,26,1,5,3,0.6875,200,1.0,2,0.0,0.291666667,0,0,20.77777778,3,1.6667,0
324,324,prop-6,453,3,3,0,3,4,1,2,1,3,1.0,15,1.0,0,0.964912281,0.666666667,0,0,3.333333333,1,0.6667,0
325,325,prop-6,453,6,2,0,8,20,15,0,8,6,2.0,83,0.0,0,0.28571428600000004,0.833333333,0,0,12.83333333,2,1.1667,0
326,326,prop-6,453,8,2,0,10,20,28,4,10,8,2.0,83,0.0,0,0.222222222,0.46875,0,0,9.375,3,1.125,0
327,327,prop-6,453,17,1,0,4,30,24,3,1,16,0.7589285709999999,331,1.0,1,0.0,0.317647059,1,1,18.05882353,22,2.5882,0
328,328,prop-6,453,1,1,0,3,1,0,2,1,1,2.0,1,0.0,0,0.0,1.0,0,0,0.0,1,1.0,0
329,329,prop-6,453,5,1,0,13,15,10,12,1,4,2.0,89,0.0,0,0.0,0.266666667,0,0,16.8,3,1.2,0
330,330,prop-6,453,19,1,0,31,139,115,0,31,16,0.833333333,823,1.0,8,0.0,0.136842105,0,0,41.84210526,13,2.3158,0
331,331,prop-6,453,1,1,0,0,2,0,0,0,0,2.0,13,0.0,0,0.0,1.0,0,0,3.0,0,0.0,0
332,332,prop-6,453,7,1,0,6,7,21,4,2,7,2.0,7,0.0,0,0.0,0.5,0,0,0.0,1,1.0,0
333,333,prop-6,453,17,1,0,49,25,88,47,2,15,0.854166667,163,1.0,2,0.0,0.205882353,1,1,8.235294117999999,7,1.2941,0
334,334,prop-6,453,8,1,0,9,9,14,8,1,7,0.857142857,46,1.0,1,0.0,0.458333333,0,0,4.25,1,0.75,0
335,335,prop-6,453,10,1,0,9,21,0,9,0,10,0.666666667,140,1.0,0,0.0,0.34,0,0,12.6,2,0.8,0
336,336,prop-6,453,3,2,0,14,28,0,2,12,2,0.5,155,1.0,0,0.9,0.625,1,1,49.33333333,2,0.6667,0
337,337,prop-6,453,4,1,0,3,8,0,2,1,4,0.5,30,1.0,0,0.0,0.5,0,0,6.0,1,0.75,0
338,338,prop-6,453,7,2,0,11,17,21,4,11,7,2.0,80,0.0,0,0.25,0.30952381,0,0,10.42857143,1,0.8571,0
339,339,prop-6,453,11,1,0,9,11,55,7,2,11,2.0,11,0.0,0,0.0,0.311688312,0,0,0.0,1,1.0,2
340,340,prop-6,453,6,1,0,7,33,11,1,6,3,1.085714286,169,1.0,0,0.0,0.6,0,0,26.0,5,1.6667,0
341,341,prop-6,453,8,2,0,20,52,18,1,19,2,0.7857142859999999,360,1.0,0,0.7307692309999999,0.325,1,3,43.5,6,2.5,0
342,342,prop-6,453,11,1,0,2,15,37,1,1,11,0.85,109,1.0,1,0.0,0.242424242,1,1,8.545454545,7,1.5455,0
343,343,prop-6,453,2,1,0,5,2,1,3,2,2,2.0,2,0.0,0,0.0,0.583333333,0,0,0.0,1,1.0,0
344,344,prop-6,453,4,1,0,3,7,6,3,0,4,2.0,17,0.0,0,0.0,1.0,0,0,3.25,1,0.75,0
345,345,prop-6,453,10,1,0,6,19,17,6,0,8,0.8222222220000001,128,0.8,0,0.0,0.311111111,1,1,11.3,5,1.3,0
346,346,prop-6,453,5,1,0,5,36,10,0,5,2,2.0,163,0.0,0,0.0,0.266666667,0,0,31.6,3,1.2,0
347,347,prop-6,453,14,1,0,8,23,61,8,1,13,0.788461538,154,1.0,1,0.0,0.314285714,1,1,9.714285713999999,7,1.5,0
348,348,prop-6,453,5,1,0,11,38,0,1,10,2,0.5,237,1.0,2,0.0,0.3666666670000001,0,0,45.6,4,2.2,0
349,349,prop-6,453,3,5,0,9,6,3,8,1,2,1.5,16,1.0,0,1.0,0.666666667,0,0,4.0,0,0.0,0
350,350,prop-6,453,4,1,0,6,12,0,4,2,4,0.0,44,1.0,0,0.0,0.5,0,0,9.75,2,1.0,0
351,351,prop-6,453,9,1,0,8,16,6,8,0,8,0.708333333,104,1.0,0,0.0,0.311111111,1,1,10.22222222,5,1.2222,0
352,352,prop-6,453,7,1,0,5,15,0,1,4,7,0.166666667,52,1.0,0,0.0,0.514285714,0,0,6.285714286,1,0.8571,0
353,353,prop-6,453,37,1,0,34,147,406,0,34,34,0.8888888890000001,736,1.0,8,0.0,0.111111111,0,0,18.64864865,6,1.3784,1
354,354,prop-6,453,12,1,0,5,34,36,4,1,7,0.727272727,342,1.0,0,0.0,0.464285714,0,0,27.16666667,4,1.8333,0
355,355,prop-6,453,6,2,0,18,41,7,1,17,2,0.666666667,216,1.0,0,0.791666667,0.3666666670000001,1,3,34.5,5,2.3333,0
356,356,prop-6,453,11,1,0,13,33,13,0,13,4,1.0,226,1.0,1,0.0,0.425,0,0,18.63636364,1,0.8182,0
357,357,prop-6,453,4,2,0,3,8,6,0,3,4,2.0,22,0.0,0,0.4,1.0,0,0,4.5,1,0.75,0
358,358,prop-6,453,6,1,0,2,7,3,2,0,5,0.8,35,1.0,0,0.0,0.5555555560000001,0,0,4.333333333,1,0.6667,0
359,359,prop-6,453,4,1,0,8,21,0,1,7,2,1.0,168,1.0,1,0.0,0.4,0,0,39.0,3,1.5,0
360,360,prop-6,453,12,1,0,18,51,18,13,7,7,0.727272727,255,1.0,0,0.0,0.327272727,0,0,19.91666667,5,1.5833,0
361,361,prop-6,453,9,1,0,7,19,4,4,3,9,0.5,97,1.0,0,0.0,0.7222222220000001,0,0,9.444444444,2,1.0,0
362,362,prop-6,453,12,1,0,36,16,40,36,0,10,0.818181818,119,1.0,0,0.0,0.3,1,1,8.583333332999999,7,1.4167,0
363,363,prop-6,453,5,1,0,5,31,0,4,1,4,0.85,190,1.0,0,0.0,0.6,0,0,36.0,5,2.8,0
364,364,prop-6,453,4,2,0,5,9,6,0,5,4,2.0,38,0.0,0,0.4,0.4,0,0,8.5,1,0.75,0
365,365,prop-6,453,3,1,0,5,3,3,5,1,3,2.0,3,0.0,0,0.0,0.466666667,0,0,0.0,1,1.0,0
366,366,prop-6,453,2,3,0,3,19,1,0,3,2,2.0,91,1.0,0,0.961538462,1.0,1,2,44.0,5,2.5,0
367,367,prop-6,453,38,1,0,26,62,457,24,6,28,0.844594595,454,1.0,2,0.0,0.15,1,1,10.73684211,7,1.4737,0
368,368,prop-6,453,8,2,0,9,18,28,3,9,8,2.0,65,0.0,0,0.222222222,0.28571428600000004,0,0,7.125,1,0.875,0
369,369,prop-6,453,12,2,0,12,25,66,6,12,12,2.0,110,0.0,0,0.153846154,0.297619048,0,0,8.166666667000001,1,0.9167,2
370,370,prop-6,453,3,1,0,2,13,3,2,0,1,2.0,90,0.0,0,0.0,0.444444444,0,0,29.0,6,2.6667,0
371,371,prop-6,453,1,1,0,3,1,0,2,1,1,2.0,1,0.0,0,0.0,1.0,0,0,0.0,1,1.0,0
372,372,prop-6,453,6,2,0,2,14,11,1,1,4,0.666666667,81,0.666666667,2,0.764705882,0.4,1,1,12.0,3,1.0,0
373,373,prop-6,453,4,1,0,4,5,0,4,0,3,0.833333333,22,1.0,0,0.0,0.75,0,0,4.0,1,0.5,0
374,374,prop-6,453,6,1,0,7,6,15,5,2,6,2.0,6,0.0,0,0.0,0.361111111,0,0,0.0,1,1.0,0
375,375,prop-6,453,6,1,0,9,6,15,7,2,6,2.0,6,0.0,0,0.0,0.466666667,0,0,0.0,1,1.0,0
376,376,prop-6,453,3,1,0,5,20,0,0,5,3,0.5,94,1.0,0,0.0,0.666666667,0,0,29.66666667,1,0.6667,0
377,377,prop-6,453,2,2,0,8,12,1,0,8,2,1.0,59,1.0,0,0.833333333,1.0,0,0,25.0,1,0.5,0
378,378,prop-6,453,12,1,1,10,43,8,1,9,2,0.704545455,219,1.0,1,0.0,0.218181818,0,0,16.91666667,4,1.6667,0
379,379,prop-6,453,3,2,0,4,13,3,1,4,1,1.5,39,0.0,0,0.818181818,0.4,1,1,11.0,1,0.6667,2
380,380,prop-6,453,15,1,0,17,32,53,16,2,14,0.875,211,1.0,0,0.0,0.266666667,1,1,12.53333333,7,1.4667,0
381,381,prop-6,453,9,1,0,21,43,20,0,21,8,0.854166667,252,1.0,5,0.0,0.204545455,0,0,26.33333333,5,1.5556,0
382,382,prop-6,453,9,1,0,3,13,4,3,0,9,0.625,90,1.0,0,0.0,0.7222222220000001,0,0,8.666666667000001,1,0.7778,0
383,383,prop-6,453,5,1,0,8,5,10,7,1,5,2.0,5,0.0,0,0.0,0.44,0,0,0.0,1,1.0,0
384,384,prop-6,453,1,1,0,0,2,0,0,0,1,2.0,11,0.0,0,0.0,1.0,0,0,3.0,0,0.0,0
385,385,prop-6,453,6,2,0,4,14,11,3,1,4,0.875,141,0.25,7,0.764705882,0.4,1,1,21.16666667,3,1.0,0
386,386,prop-6,453,2,2,0,4,10,1,0,4,2,2.0,30,0.0,0,0.666666667,0.75,0,0,14.0,2,1.0,0
387,387,prop-6,453,26,4,0,13,53,325,0,13,26,1.04,204,1.0,0,0.609375,0.25,0,0,6.807692307999999,1,0.9615,0
388,388,prop-6,453,3,1,0,5,14,0,1,4,3,0.25,63,1.0,1,0.0,0.5555555560000001,0,0,19.33333333,3,1.3333,0
389,389,prop-6,453,10,1,0,3,14,0,3,0,9,0.694444444,164,1.0,0,0.0,0.5,1,1,15.0,13,2.3,0
390,390,prop-6,453,37,1,0,25,60,492,23,6,25,0.8402777779999999,441,1.0,2,0.0,0.148648649,1,1,10.702702699999998,7,1.4865,0
391,391,prop-6,453,11,1,0,18,49,51,1,17,4,1.076923077,350,1.0,1,0.0,0.4,0,0,28.45454545,3,1.4545,2
392,392,prop-6,453,6,2,0,10,14,11,9,1,4,0.857142857,129,0.28571428600000004,6,0.764705882,0.4,1,1,19.33333333,3,1.0,0
393,393,prop-6,453,2,2,0,8,12,1,0,8,2,1.0,56,1.0,0,0.833333333,1.0,0,0,24.0,1,0.5,0
394,394,prop-6,453,8,1,0,17,60,10,1,16,2,0.732142857,495,1.0,3,0.0,0.2875,0,0,59.875,3,1.25,1
395,395,prop-6,453,12,1,0,15,42,16,0,15,10,0.757575758,354,1.0,5,0.0,0.242424242,0,0,28.0,4,1.5,0
396,396,prop-6,453,10,1,0,5,18,21,2,3,10,0.666666667,174,1.0,0,0.0,0.533333333,0,0,16.0,19,2.7,0
397,397,prop-6,453,11,1,0,12,11,55,7,5,11,2.0,11,0.0,0,0.0,0.33766233799999995,0,0,0.0,1,1.0,1
398,398,prop-6,453,8,1,0,14,53,24,1,13,2,1.123809524,448,1.0,1,0.0,0.375,0,0,51.25,5,1.875,1
399,399,prop-6,453,16,1,0,5,41,0,2,4,14,0.775,254,0.75,1,0.0,0.257142857,0,0,14.375,3,1.5625,0
400,400,prop-6,453,4,1,0,0,8,0,0,0,4,0.333333333,23,1.0,0,0.0,0.625,0,0,4.5,1,0.75,0
401,401,prop-6,453,12,1,0,8,12,66,3,5,12,2.0,12,0.0,0,0.0,0.347222222,0,0,0.0,1,1.0,0
402,402,prop-6,453,7,1,0,12,52,21,1,12,2,2.0,337,0.0,0,0.0,0.404761905,0,0,47.14285714,5,2.7143,0
403,403,prop-6,453,29,1,0,14,46,260,10,4,28,0.89010989,443,1.0,3,0.0,0.183908046,1,1,13.82758621,8,1.4138,2
404,404,prop-6,453,7,2,0,7,17,21,1,7,7,2.0,73,0.0,0,0.25,0.428571429,0,0,9.428571429,2,1.0,0
405,405,prop-6,453,6,1,0,4,13,15,2,2,5,2.0,84,0.0,0,0.0,0.5,0,0,13.0,1,0.8333,0
406,406,prop-6,453,2,1,0,0,10,1,0,0,2,2.0,45,0.0,0,0.0,0.5,0,0,21.5,4,2.0,0
407,407,prop-6,453,21,1,6,39,76,182,8,31,4,0.95625,495,1.0,4,0.0,0.111111111,0,0,21.80952381,2,1.0952,0
408,408,prop-6,453,23,1,0,26,72,177,0,26,23,0.909090909,380,1.0,10,0.0,0.125,0,0,15.08695652,4,1.2609,0
409,409,prop-6,453,11,1,0,7,54,31,0,7,6,0.775,297,1.0,0,0.0,0.225,0,0,25.63636364,7,1.6364,0
410,410,prop-6,453,6,2,0,2,14,11,1,1,4,0.833333333,117,0.333333333,5,0.764705882,0.4,1,1,17.5,3,1.0,0
411,411,prop-6,453,4,1,0,5,4,6,5,0,4,2.0,4,0.0,0,0.0,0.833333333,0,0,0.0,1,1.0,0
412,412,prop-6,453,13,1,0,15,47,60,1,14,10,0.7638888890000001,312,1.0,6,0.0,0.18589743600000005,0,0,22.53846154,7,1.8462,0
413,413,prop-6,453,15,1,0,3,21,63,3,1,15,0.828571429,152,1.0,1,0.0,0.238095238,1,1,8.8,7,1.4,0
414,414,prop-6,453,5,3,0,8,31,10,0,8,3,1.25,135,1.0,0,0.8620689659999999,0.4,2,2,25.8,1,0.8,0
415,415,prop-6,453,11,1,0,2,12,31,2,0,10,0.86,64,1.0,0,0.0,0.681818182,0,0,4.363636364,1,0.8182,0
416,416,prop-6,453,2,1,0,3,9,1,0,3,1,1.0,26,0.0,1,0.0,1.0,0,0,11.5,0,0.0,0
417,417,prop-6,453,2,4,0,15,43,0,1,14,2,0.666666667,402,1.0,0,0.996168582,0.5555555560000001,2,3,198.5,17,8.5,0
418,418,prop-6,453,5,4,2,11,8,8,11,0,4,1.0,26,1.0,0,0.894736842,0.6,0,0,3.8,1,0.4,0
419,419,prop-6,453,3,5,0,22,6,3,21,1,2,1.5,16,1.0,0,1.0,0.666666667,0,0,4.0,0,0.0,0
420,420,prop-6,453,5,1,0,16,53,8,1,15,2,1.230769231,361,1.0,0,0.0,0.52,0,0,66.0,8,3.2,1
421,421,prop-6,453,2,1,0,2,2,1,2,0,2,2.0,2,0.0,0,0.0,0.875,0,0,0.0,1,1.0,0
422,422,prop-6,453,10,1,0,1,14,21,0,1,10,0.740740741,109,1.0,1,0.0,0.32,1,1,9.6,7,1.5,0
423,423,prop-6,453,5,2,0,9,8,6,8,1,3,0.875,79,0.333333333,5,0.8125,0.4166666670000001,1,1,13.6,1,0.6,0
424,424,prop-6,453,15,1,0,14,49,53,0,14,11,0.775510204,360,1.0,6,0.0,0.221428571,0,0,22.53333333,4,1.4667,0
425,425,prop-6,453,6,2,0,11,9,9,11,0,4,0.857142857,91,0.428571429,5,0.764705882,0.4,1,1,13.0,1,0.6667,0
426,426,prop-6,453,9,1,0,18,17,16,16,2,9,0.525,112,1.0,1,0.0,0.472222222,0,0,10.88888889,2,0.7778,0
427,427,prop-6,453,2,1,0,4,14,0,1,3,2,0.0,78,1.0,0,0.0,0.666666667,0,0,37.5,3,1.5,0
428,428,prop-6,453,5,1,0,8,5,10,3,5,5,2.0,5,0.0,0,0.0,0.433333333,0,0,0.0,1,1.0,0
429,429,prop-6,453,15,2,0,6,33,51,1,5,12,0.8367346940000001,183,1.0,0,0.4166666670000001,0.34666666700000004,2,2,10.73333333,3,1.3333,0
430,430,prop-6,453,4,1,0,11,20,4,4,7,2,0.666666667,111,1.0,0,0.0,0.5,0,0,26.5,3,1.25,0
431,431,prop-6,453,1,1,0,4,1,0,2,2,1,2.0,1,0.0,0,0.0,1.0,0,0,0.0,1,1.0,0
432,432,prop-6,453,8,2,0,23,61,6,1,22,2,0.761904762,413,1.0,1,0.7307692309999999,0.3,1,3,49.875,6,2.375,0
433,433,prop-6,453,6,1,0,21,36,3,14,7,2,0.533333333,187,1.0,0,0.0,0.333333333,0,0,29.66666667,4,1.3333,0
434,434,prop-6,453,11,1,2,13,43,27,2,11,8,0.78,220,1.0,1,0.0,0.283333333,0,0,18.54545455,4,1.1818,0
435,435,prop-6,453,13,1,0,3,18,26,3,0,13,0.75,134,1.0,0,0.0,0.512820513,0,0,8.923076923,1,0.8462,0
436,436,prop-6,453,8,1,0,7,13,10,7,0,7,0.8,75,1.0,0,0.0,0.34375,0,0,7.75,2,0.875,0
437,437,prop-6,453,10,1,0,11,37,21,0,11,7,0.8,190,1.0,4,0.0,0.24691358,0,0,17.5,3,1.1,0
438,438,prop-6,453,19,1,0,21,92,107,0,21,11,0.855555556,765,1.0,5,0.0,0.20242915,0,0,39.0,9,2.6316,0
439,439,prop-6,453,3,1,14,16,5,1,14,2,3,0.5,17,1.0,0,0.0,0.666666667,0,0,4.333333333,1,0.6667,0
440,440,prop-6,453,23,1,0,18,39,143,16,3,23,0.8506493509999999,309,1.0,2,0.0,0.236024845,1,1,12.13043478,7,1.3478,0
441,441,prop-6,453,2,2,0,7,6,1,6,1,2,2.0,16,0.0,0,0.923076923,1.0,0,0,7.0,1,0.5,0
442,442,prop-6,453,4,2,0,6,15,2,0,6,4,0.7777777779999999,57,1.0,1,0.625,0.4375,0,0,12.5,1,0.75,4
443,443,prop-6,453,25,1,0,10,25,300,2,8,25,2.0,25,0.0,0,0.0,0.255,0,0,0.0,1,1.0,0
444,444,prop-6,453,3,1,0,1,3,3,1,0,3,2.0,3,0.0,0,0.0,1.0,0,0,0.0,1,1.0,0
445,445,prop-6,453,13,1,0,10,55,0,4,7,9,0.6527777779999999,298,1.0,1,0.0,0.3,0,0,21.46153846,6,1.9231,0
446,446,prop-6,453,30,1,0,23,58,263,22,1,24,0.85440613,724,1.0,0,0.0,0.305555556,0,0,22.83333333,7,1.4,0
447,447,prop-6,453,6,1,0,9,6,15,6,3,6,2.0,6,0.0,0,0.0,0.533333333,0,0,0.0,1,1.0,0
448,448,prop-6,454,2,1,0,4,14,0,1,3,2,0.0,78,1.0,0,0.0,0.666666667,0,0,37.5,3,1.5,0
449,449,prop-6,454,9,1,0,20,17,16,18,2,9,0.525,112,1.0,1,0.0,0.472222222,0,0,10.88888889,2,0.7778,0
450,450,prop-6,454,6,2,0,12,9,9,12,0,4,0.857142857,91,0.428571429,5,0.764705882,0.4,1,1,13.0,1,0.6667,0
451,451,prop-6,454,15,1,0,14,50,51,0,14,11,0.7551020409999999,361,1.0,6,0.0,0.221428571,0,0,22.6,5,1.5333,0
452,452,prop-6,454,5,2,0,8,8,6,7,1,3,0.875,79,0.333333333,5,0.8125,0.4166666670000001,1,1,13.6,1,0.6,0
453,453,prop-6,454,12,1,0,6,22,42,3,3,12,0.727272727,204,1.0,0,0.0,0.5,0,0,15.66666667,19,2.3333,0
454,454,prop-6,454,10,1,0,1,14,21,0,1,10,0.740740741,109,1.0,1,0.0,0.32,1,1,9.6,7,1.5,1
455,455,prop-6,454,6,1,0,22,35,3,15,7,2,0.533333333,186,1.0,0,0.0,0.333333333,0,0,29.5,4,1.3333,0
456,456,prop-6,454,11,1,6,17,43,27,6,11,8,0.78,220,1.0,1,0.0,0.283333333,0,0,18.54545455,4,1.1818,0
457,457,prop-6,454,13,1,0,3,18,26,3,0,13,0.75,134,1.0,0,0.0,0.512820513,0,0,8.923076923,1,0.8462,0
458,458,prop-6,454,28,1,0,10,28,378,2,8,28,2.0,28,0.0,0,0.0,0.267857143,0,0,0.0,1,1.0,0
459,459,prop-6,454,5,1,0,8,5,10,3,5,5,2.0,5,0.0,0,0.0,0.433333333,0,0,0.0,1,1.0,0
460,460,prop-6,454,15,2,0,6,33,51,1,5,12,0.8367346940000001,183,1.0,0,0.391304348,0.34666666700000004,2,2,10.73333333,3,1.3333,0
461,461,prop-6,454,4,1,0,11,20,4,4,7,2,0.666666667,111,1.0,0,0.0,0.5,0,0,26.5,3,1.25,0
462,462,prop-6,454,4,1,0,8,21,0,1,7,2,1.0,168,1.0,1,0.0,0.4,0,0,39.0,3,1.5,0
463,463,prop-6,454,6,1,0,2,7,3,2,0,5,0.8,35,1.0,0,0.0,0.5555555560000001,0,0,4.333333333,1,0.6667,0
464,464,prop-6,454,4,2,0,3,8,6,0,3,4,2.0,22,0.0,0,0.4,1.0,0,0,4.5,1,0.75,0
465,465,prop-6,454,11,1,0,13,33,13,0,13,4,1.0,226,1.0,1,0.0,0.425,0,0,18.63636364,1,0.8182,0
466,466,prop-6,454,6,2,0,18,41,7,1,17,2,0.666666667,216,1.0,0,0.791666667,0.3666666670000001,1,3,34.5,5,2.3333,0
467,467,prop-6,454,12,1,0,5,34,36,4,1,7,0.727272727,342,1.0,0,0.0,0.464285714,0,0,27.16666667,4,1.8333,0
468,468,prop-6,454,40,1,0,37,143,484,0,37,37,0.891737892,814,1.0,8,0.0,0.115384615,0,0,19.125,6,1.45,0
469,469,prop-6,454,7,2,0,11,17,21,4,11,7,2.0,80,0.0,0,0.25,0.30952381,0,0,10.42857143,1,0.8571,0
470,470,prop-6,454,2,1,0,2,2,1,2,0,2,2.0,2,0.0,0,0.0,0.875,0,0,0.0,1,1.0,0
471,471,prop-6,454,8,2,0,23,61,6,1,22,2,0.761904762,413,1.0,1,0.7307692309999999,0.3,1,3,49.875,6,2.375,0
472,472,prop-6,454,1,1,0,4,1,0,2,2,1,2.0,1,0.0,0,0.0,1.0,0,0,0.0,1,1.0,0
473,473,prop-6,454,3,1,0,1,3,3,1,0,3,2.0,3,0.0,0,0.0,1.0,0,0,0.0,1,1.0,0
474,474,prop-6,454,10,1,0,11,36,25,3,8,7,0.388888889,284,1.0,2,0.0,0.475,0,0,27.0,6,2.0,0
475,475,prop-6,454,30,1,0,23,58,263,22,1,24,0.85440613,724,1.0,0,0.0,0.305555556,0,0,22.83333333,7,1.4,0
476,476,prop-6,454,3,5,0,24,6,3,23,1,2,1.5,16,1.0,0,1.0,0.666666667,0,0,4.0,0,0.0,0
477,477,prop-6,454,7,2,0,7,17,21,1,7,7,2.0,73,0.0,0,0.25,0.428571429,0,0,9.428571429,2,1.0,0
478,478,prop-6,454,3,1,0,3,22,3,1,2,3,2.0,66,0.0,0,0.0,0.333333333,0,0,21.0,2,1.3333,0
479,479,prop-6,454,31,1,0,14,48,309,10,4,30,0.8976190479999999,465,1.0,3,0.0,0.167741935,1,1,13.5483871,8,1.3871,0
480,480,prop-6,454,13,1,0,8,13,78,3,5,13,2.0,13,0.0,0,0.0,0.384615385,0,0,0.0,1,1.0,0
481,481,prop-6,454,4,1,0,0,8,0,0,0,4,0.333333333,23,1.0,0,0.0,0.625,0,0,4.5,1,0.75,0
482,482,prop-6,454,5,1,0,9,31,8,1,8,2,1.1875,151,1.0,1,0.0,0.45,0,0,27.6,3,1.2,0
483,483,prop-6,454,16,1,0,5,41,0,2,4,14,0.775,254,0.75,1,0.0,0.257142857,0,0,14.375,3,1.5625,0
484,484,prop-6,454,13,1,0,16,13,78,9,7,13,2.0,13,0.0,0,0.0,0.299145299,0,0,0.0,1,1.0,0
485,485,prop-6,454,6,1,0,11,38,13,2,9,3,1.142857143,189,0.7142857140000001,0,0.0,0.2,0,0,29.33333333,5,1.6667,0
486,486,prop-6,454,7,1,0,4,9,11,4,0,7,0.7777777779999999,39,1.0,0,0.0,0.35714285700000004,0,0,4.1428571430000005,1,0.8571,0
487,487,prop-6,454,12,1,0,9,23,0,9,0,12,0.727272727,157,1.0,0,0.0,0.333333333,0,0,11.66666667,2,0.8333,0
488,488,prop-6,454,4,2,0,5,12,6,2,5,1,1.333333333,37,0.0,0,0.75,0.35,1,1,8.0,1,0.75,0
489,489,prop-6,454,6,1,0,9,6,15,6,3,6,2.0,6,0.0,0,0.0,0.533333333,0,0,0.0,1,1.0,0
490,490,prop-6,454,4,2,0,6,15,2,0,6,4,0.7777777779999999,57,1.0,1,0.625,0.4375,0,0,12.5,1,0.75,0
491,491,prop-6,454,4,1,0,10,33,4,1,9,2,1.259259259,172,1.0,0,0.0,0.5,0,0,39.75,2,0.75,0
492,492,prop-6,454,2,2,0,7,6,1,6,1,2,2.0,16,0.0,0,0.923076923,1.0,0,0,7.0,1,0.5,0
493,493,prop-6,454,23,1,0,18,39,143,16,3,23,0.8506493509999999,309,1.0,2,0.0,0.236024845,1,1,12.13043478,7,1.3478,1
494,494,prop-6,454,3,1,15,17,5,1,15,2,3,0.5,17,1.0,0,0.0,0.666666667,0,0,4.333333333,1,0.6667,0
495,495,prop-6,454,19,1,0,21,92,107,0,21,11,0.855555556,765,1.0,5,0.0,0.20242915,0,0,39.0,9,2.6316,0
496,496,prop-6,454,8,1,0,13,82,28,1,12,3,2.0,498,0.0,0,0.0,0.208333333,0,0,61.25,10,3.125,0
497,497,prop-6,454,10,1,0,11,37,21,0,11,7,0.8,190,1.0,4,0.0,0.24691358,0,0,17.5,3,1.1,0
498,498,prop-6,454,8,1,0,7,13,10,7,0,7,0.8,75,1.0,0,0.0,0.34375,0,0,7.75,2,0.875,0
499,499,prop-6,454,5,1,0,12,40,8,1,11,2,1.1875,173,1.0,0,0.0,0.4166666670000001,0,0,32.0,2,1.0,0
500,500,prop-6,454,12,1,0,15,42,16,0,15,10,0.757575758,354,1.0,5,0.0,0.242424242,0,0,28.0,4,1.5,0
501,501,prop-6,454,6,2,0,11,14,11,10,1,4,0.857142857,129,0.28571428600000004,6,0.764705882,0.4,1,1,19.33333333,3,1.0,0
502,502,prop-6,454,8,2,0,9,18,28,3,9,8,2.0,65,0.0,0,0.222222222,0.28571428600000004,0,0,7.125,1,0.875,0
503,503,prop-6,454,38,1,0,26,62,457,24,6,28,0.844594595,454,1.0,2,0.0,0.15,1,1,10.73684211,7,1.4737,1
504,504,prop-6,454,11,1,1,9,41,9,1,8,2,0.7,214,1.0,1,0.0,0.23,0,0,18.09090909,4,1.7273,0
505,505,prop-6,454,3,2,0,4,13,3,1,4,1,1.5,39,0.0,0,0.818181818,0.4,1,1,11.0,1,0.6667,0
506,506,prop-6,454,15,1,0,17,32,53,16,2,14,0.875,211,1.0,0,0.0,0.266666667,1,1,12.53333333,7,1.4667,0
507,507,prop-6,454,37,1,0,25,60,492,23,6,25,0.8402777779999999,441,1.0,2,0.0,0.148648649,1,1,10.702702699999998,7,1.4865,1
508,508,prop-6,454,10,1,0,3,14,0,3,0,9,0.694444444,164,1.0,0,0.0,0.5,1,1,15.0,13,2.3,0
509,509,prop-6,454,29,4,0,13,59,406,0,13,29,1.035714286,229,1.0,0,0.582089552,0.262931034,0,0,6.862068966,1,0.9655,0
510,510,prop-6,454,3,1,0,5,14,0,1,4,3,0.25,63,1.0,1,0.0,0.5555555560000001,0,0,19.33333333,3,1.3333,0
511,511,prop-6,454,2,2,0,4,9,1,2,4,1,2.0,30,0.0,0,0.9,0.625,1,1,13.0,1,0.5,0
512,512,prop-6,454,2,2,0,4,10,1,0,4,2,2.0,30,0.0,0,0.666666667,0.75,0,0,14.0,2,1.0,0
513,513,prop-6,454,3,2,0,6,16,3,0,6,2,1.0,237,1.0,0,0.7142857140000001,0.5,0,0,74.0,2,1.0,0
514,514,prop-6,454,14,2,0,14,29,91,8,14,14,2.0,135,0.0,0,0.133333333,0.295918367,0,0,8.642857142999999,1,0.9286,0
515,515,prop-6,454,2,2,0,9,36,1,2,9,1,2.0,400,1.0,0,0.9,0.625,1,2,195.5,1,0.5,0
516,516,prop-6,454,2,2,0,8,12,1,0,8,2,1.142857143,57,1.0,0,0.833333333,1.0,0,0,24.0,1,0.5,0
517,517,prop-6,454,3,1,0,5,20,0,0,5,3,0.5,94,1.0,0,0.0,0.666666667,0,0,29.66666667,1,0.6667,0
518,518,prop-6,454,6,1,0,9,6,15,7,2,6,2.0,6,0.0,0,0.0,0.466666667,0,0,0.0,1,1.0,0
519,519,prop-6,454,7,1,0,7,7,21,5,2,7,2.0,7,0.0,0,0.0,0.380952381,0,0,0.0,1,1.0,0
520,520,prop-6,454,3,1,0,9,31,3,1,8,3,2.0,75,0.0,0,0.0,0.333333333,0,0,24.0,1,0.6667,0
521,521,prop-6,454,10,1,0,25,63,33,1,24,2,0.222222222,468,1.0,0,0.0,0.16161616199999998,0,0,45.7,2,0.9,0
522,522,prop-6,454,4,1,0,4,5,0,4,0,3,0.833333333,22,1.0,0,0.0,0.75,0,0,4.0,1,0.5,0
523,523,prop-6,454,6,2,0,2,14,11,1,1,4,0.666666667,81,0.666666667,2,0.764705882,0.4,1,1,12.0,3,1.0,0
524,524,prop-6,454,1,1,0,3,1,0,2,1,1,2.0,1,0.0,0,0.0,1.0,0,0,0.0,1,1.0,0
525,525,prop-6,454,3,1,0,2,13,3,2,0,1,2.0,90,0.0,0,0.0,0.444444444,0,0,29.0,6,2.6667,0
526,526,prop-6,454,6,2,0,4,14,11,3,1,4,0.875,141,0.25,7,0.764705882,0.4,1,1,21.16666667,3,1.0,0
527,527,prop-6,454,1,1,0,0,2,0,0,0,1,2.0,11,0.0,0,0.0,1.0,0,0,3.0,0,0.0,0
528,528,prop-6,454,5,1,0,9,5,10,8,1,5,2.0,5,0.0,0,0.0,0.44,0,0,0.0,1,1.0,0
529,529,prop-6,454,2,1,0,5,2,1,3,2,2,2.0,2,0.0,0,0.0,0.583333333,0,0,0.0,1,1.0,0
530,530,prop-6,454,11,1,0,2,15,37,1,1,11,0.85,109,1.0,1,0.0,0.242424242,1,1,8.545454545,7,1.5455,0
531,531,prop-6,454,8,2,0,20,52,18,1,19,2,0.7857142859999999,360,1.0,0,0.7307692309999999,0.325,1,3,43.5,6,2.5,0
532,532,prop-6,454,13,1,0,11,13,78,9,2,13,2.0,13,0.0,0,0.0,0.307692308,0,0,0.0,1,1.0,0
533,533,prop-6,454,6,1,0,7,33,11,1,6,3,1.085714286,169,1.0,0,0.0,0.6,0,0,26.0,5,1.6667,0
534,534,prop-6,454,21,1,0,34,154,142,0,34,17,0.805,1051,1.0,9,0.0,0.119047619,0,0,48.57142857,17,2.8095,0
535,535,prop-6,454,9,1,0,8,17,0,8,0,8,0.625,115,1.0,0,0.0,0.311111111,1,1,11.44444444,6,1.3333,0
536,536,prop-6,454,7,1,0,5,15,0,1,4,7,0.166666667,52,1.0,0,0.0,0.514285714,0,0,6.285714286,1,0.8571,0
537,537,prop-6,454,12,1,0,45,16,40,45,0,10,0.818181818,119,1.0,0,0.0,0.3,1,1,8.583333332999999,7,1.4167,1
538,538,prop-6,454,5,1,0,7,31,0,6,1,4,0.85,190,1.0,0,0.0,0.6,0,0,36.0,5,2.8,0
539,539,prop-6,454,9,1,0,7,19,4,4,3,9,0.5,97,1.0,0,0.0,0.7222222220000001,0,0,9.444444444,2,1.0,0
540,540,prop-6,454,4,1,0,3,7,6,3,0,4,2.0,17,0.0,0,0.0,1.0,0,0,3.25,1,0.75,0
541,541,prop-6,454,7,1,0,5,7,21,3,2,7,2.0,7,0.0,0,0.0,0.535714286,0,0,0.0,1,1.0,0
542,542,prop-6,454,9,1,0,3,13,4,3,0,9,0.625,90,1.0,0,0.0,0.7222222220000001,0,0,8.666666667000001,1,0.7778,0
543,543,prop-6,454,9,1,0,21,43,20,0,21,8,0.854166667,252,1.0,5,0.0,0.204545455,0,0,26.33333333,5,1.5556,0
544,544,prop-6,454,3,1,0,11,56,3,2,9,3,2.0,166,0.0,0,0.0,0.333333333,0,0,54.33333333,3,2.0,0
545,545,prop-6,454,2,3,0,2,18,1,0,2,2,2.0,70,1.0,0,0.961538462,1.0,1,2,33.5,3,1.5,0
546,546,prop-6,454,3,1,0,5,3,3,5,1,3,2.0,3,0.0,0,0.0,0.466666667,0,0,0.0,1,1.0,0
547,547,prop-6,454,4,2,0,5,9,6,0,5,4,2.0,38,0.0,0,0.4,0.4,0,0,8.5,1,0.75,0
548,548,prop-6,454,3,5,0,14,6,3,13,1,2,1.5,16,1.0,0,1.0,0.666666667,0,0,4.0,0,0.0,0
549,549,prop-6,454,5,1,0,11,38,0,1,10,2,0.5,237,1.0,2,0.0,0.3666666670000001,0,0,45.6,4,2.2,0
550,550,prop-6,454,14,1,0,8,23,61,8,1,13,0.788461538,154,1.0,1,0.0,0.314285714,1,1,9.714285713999999,7,1.5,1
551,551,prop-6,454,5,1,0,5,36,10,0,5,2,2.0,163,0.0,0,0.0,0.266666667,0,0,31.6,3,1.2,0
552,552,prop-6,454,10,1,0,6,19,17,6,0,8,0.8222222220000001,128,0.8,0,0.0,0.311111111,1,1,11.3,5,1.3,0
553,553,prop-6,454,12,1,0,19,51,18,14,7,7,0.727272727,255,1.0,0,0.0,0.327272727,0,0,19.91666667,5,1.5833,1
554,554,prop-6,454,4,3,0,4,35,6,0,4,3,1.333333333,205,1.0,0,0.892857143,0.45,3,3,50.0,1,0.75,0
555,555,prop-6,454,3,3,0,3,4,1,2,1,3,1.0,15,1.0,0,0.964912281,0.666666667,0,0,3.333333333,1,0.6667,0
556,556,prop-6,454,9,1,0,6,29,26,1,5,3,0.6875,200,1.0,2,0.0,0.291666667,0,0,20.77777778,3,1.6667,0
557,557,prop-6,454,10,1,0,11,54,37,1,10,5,0.5555555560000001,449,1.0,2,0.0,0.375,0,0,43.7,9,2.6,0
558,558,prop-6,454,6,1,0,7,6,15,5,2,6,2.0,6,0.0,0,0.0,0.4166666670000001,0,0,0.0,1,1.0,0
559,559,prop-6,454,8,2,0,11,19,28,5,11,8,2.0,87,0.0,0,0.222222222,0.35416666700000005,0,0,9.875,1,0.875,0
560,560,prop-6,454,3,1,0,18,30,0,1,17,2,0.25,185,1.0,4,0.0,0.466666667,0,0,59.33333333,8,3.3333,0
561,561,prop-6,454,17,1,0,4,30,24,3,1,16,0.7589285709999999,331,1.0,1,0.0,0.317647059,1,1,18.05882353,22,2.5882,0
562,562,prop-6,454,1,1,0,3,1,0,2,1,1,2.0,1,0.0,0,0.0,1.0,0,0,0.0,1,1.0,0
563,563,prop-6,454,3,2,0,14,28,0,2,12,2,0.5,155,1.0,0,0.9,0.625,1,1,49.33333333,2,0.6667,0
564,564,prop-6,454,3,1,0,4,3,3,3,1,3,2.0,3,0.0,0,0.0,0.666666667,0,0,0.0,1,1.0,0
565,565,prop-6,454,8,1,0,9,9,14,8,1,7,0.857142857,46,1.0,1,0.0,0.458333333,0,0,4.25,1,0.75,0
566,566,prop-6,454,6,2,0,8,20,15,0,8,6,2.0,83,0.0,0,0.28571428600000004,0.833333333,0,0,12.83333333,2,1.1667,0
567,567,prop-6,454,11,1,0,9,60,55,4,5,3,1.1,540,0.954545455,0,0.0,0.340909091,0,0,46.09090909,5,2.4545,0
568,568,prop-6,454,4,2,0,7,10,6,1,7,4,2.0,29,0.0,0,0.4,0.4,0,0,6.25,1,0.75,0
569,569,prop-6,454,5,1,0,2,6,4,2,0,5,0.75,31,1.0,0,0.0,0.466666667,0,0,4.6,1,0.8,0
570,570,prop-6,454,31,1,0,12,43,331,9,3,31,0.902564103,370,1.0,3,0.0,0.167741935,1,1,10.51612903,7,1.1935,1
571,571,prop-6,454,1,1,0,8,1,0,8,0,1,2.0,1,0.0,0,0.0,1.0,0,0,0.0,1,1.0,0
572,572,prop-6,454,5,2,0,7,8,6,6,1,3,0.892857143,91,0.28571428600000004,6,0.8125,0.4166666670000001,1,1,15.8,1,0.6,0
573,573,prop-6,454,9,1,0,14,30,0,11,3,9,0.45,141,1.0,2,0.0,0.62962963,0,0,14.11111111,2,1.1111,0
574,574,prop-6,454,8,1,0,6,8,28,5,1,8,2.0,8,0.0,0,0.0,0.4,0,0,0.0,1,1.0,0
575,575,prop-6,454,6,1,0,10,30,9,4,6,4,0.2,226,1.0,0,0.0,0.65,0,0,36.5,4,1.8333,0
576,576,prop-6,454,20,1,0,10,28,110,9,1,20,0.8771929820000001,204,1.0,0,0.0,0.258333333,1,1,8.75,12,1.5,0
577,577,prop-6,454,8,2,0,10,20,28,4,10,8,2.0,83,0.0,0,0.222222222,0.46875,0,0,9.375,3,1.125,0
578,578,prop-6,454,4,2,0,6,10,6,1,6,4,2.0,27,0.0,0,0.4,0.583333333,0,0,5.75,1,0.75,0
579,579,prop-6,454,17,1,0,50,25,88,48,2,15,0.854166667,163,1.0,2,0.0,0.205882353,1,1,8.235294117999999,7,1.2941,1
580,580,prop-6,454,7,1,0,6,7,21,4,2,7,2.0,7,0.0,0,0.0,0.5,0,0,0.0,1,1.0,0
581,581,prop-6,454,1,1,0,0,2,0,0,0,0,2.0,13,0.0,0,0.0,1.0,0,0,3.0,0,0.0,0
582,582,prop-6,454,7,1,0,24,60,13,0,24,4,1.075757576,337,1.0,1,0.0,0.4166666670000001,0,0,45.57142857,3,1.4286,0
583,583,prop-6,454,4,1,0,0,5,0,0,0,4,1.0,23,0.333333333,0,0.0,0.75,0,0,4.0,1,0.5,0
584,584,prop-6,454,11,1,0,12,43,25,1,11,8,0.7142857140000001,411,1.0,0,0.0,0.44,0,0,35.72727273,5,1.5455,0
585,585,prop-6,454,15,1,0,10,19,83,8,2,15,0.904761905,129,1.0,2,0.0,0.20952381,1,1,7.2,7,1.4,1
586,586,prop-6,454,6,2,0,22,37,13,2,21,2,0.6,157,1.0,0,0.791666667,0.3666666670000001,1,3,25.0,4,1.8333,0
587,587,prop-6,454,23,1,0,12,44,69,6,7,23,0.754545455,215,1.0,3,0.0,0.16847826100000002,0,0,8.130434783,7,1.4348,0
588,588,prop-6,454,6,2,0,21,49,0,1,20,2,0.64,274,1.0,1,0.791666667,0.333333333,1,3,43.83333333,5,2.1667,0
589,589,prop-6,454,10,1,0,20,48,41,1,19,4,1.090909091,298,1.0,1,0.0,0.314814815,0,0,26.6,3,1.2,0
590,590,prop-6,454,4,1,0,12,35,4,1,12,2,1.083333333,271,1.0,0,0.0,0.466666667,0,0,65.75,9,3.0,0
591,591,prop-6,454,11,1,0,7,22,17,7,0,10,0.814285714,150,1.0,0,0.0,0.424242424,0,0,12.0,3,1.0,0
592,592,prop-6,454,4,1,0,10,32,4,1,9,2,1.3,241,1.0,1,0.0,0.4375,0,0,54.25,3,1.75,0
593,593,prop-6,454,9,1,0,23,42,36,14,9,8,2.0,207,0.0,0,0.0,0.351851852,0,0,22.0,7,1.5556,0
594,594,prop-6,454,8,1,0,10,8,28,8,2,8,2.0,8,0.0,0,0.0,0.5,0,0,0.0,1,1.0,0
595,595,prop-6,454,5,1,0,16,15,10,15,1,4,2.0,89,0.0,0,0.0,0.266666667,0,0,16.8,3,1.2,0
596,596,prop-6,454,2,2,0,7,12,1,0,7,2,1.0,125,1.0,0,0.833333333,1.0,0,0,58.5,1,0.5,0
597,597,prop-6,454,6,2,0,24,55,0,2,23,2,0.64,291,1.0,1,0.791666667,0.333333333,1,3,46.66666667,5,2.3333,0
598,598,prop-6,454,17,1,0,19,78,130,4,15,6,0.854166667,574,1.0,3,0.0,0.229411765,0,0,32.58823529,8,2.7059,0
599,599,prop-6,454,9,1,0,1,11,24,1,0,9,0.9,50,1.0,0,0.0,0.481481481,0,0,4.0,1,0.8889,0
600,600,prop-6,454,4,1,0,5,18,4,1,4,2,1.142857143,128,1.0,2,0.0,0.5,0,0,29.25,2,1.25,0
601,601,prop-6,454,5,1,0,4,5,10,3,1,5,2.0,5,0.0,0,0.0,0.9,0,0,0.0,1,1.0,0
602,602,prop-6,454,15,1,0,11,38,41,0,11,15,0.8214285709999999,185,1.0,6,0.0,0.193333333,0,0,10.93333333,5,1.2667,0
603,603,prop-6,454,2,2,0,7,11,1,0,7,2,1.0,46,1.0,0,0.833333333,1.0,0,0,20.5,1,0.5,0
604,604,prop-6,454,35,1,0,15,80,401,7,11,34,0.893048128,563,1.0,1,0.0,0.14285714300000002,1,1,14.77142857,5,1.3429,0
605,605,prop-6,454,6,1,0,31,19,3,26,5,4,0.2,78,1.0,1,0.0,0.25,0,0,11.66666667,4,1.5,0
606,606,prop-6,454,6,1,0,1,13,15,1,0,5,2.0,385,0.0,0,0.0,0.458333333,0,0,63.16666667,47,9.0,0
607,607,prop-6,454,32,1,0,29,64,238,24,5,32,0.861290323,475,1.0,3,0.0,0.139204545,0,0,13.53125,4,1.0625,0
608,608,prop-6,454,11,1,0,7,54,31,0,7,6,0.775,297,1.0,0,0.0,0.225,0,0,25.63636364,7,1.6364,0
609,609,prop-6,454,25,1,0,25,65,222,0,25,25,0.927083333,352,1.0,11,0.0,0.124705882,0,0,12.6,4,1.24,0
610,610,prop-6,454,26,1,0,6,36,289,4,2,26,0.945454545,198,1.0,0,0.0,0.214285714,1,1,6.192307692000001,7,1.2692,0
611,611,prop-6,454,2,2,0,8,12,1,0,8,2,1.0,56,1.0,0,0.833333333,1.0,0,0,24.0,1,0.5,0
612,612,prop-6,454,3,1,0,4,3,3,2,2,3,2.0,3,0.0,0,0.0,0.466666667,0,0,0.0,1,1.0,0
613,613,prop-6,454,7,1,0,8,7,21,6,2,7,2.0,7,0.0,0,0.0,0.306122449,0,0,0.0,1,1.0,0
614,614,prop-6,454,2,2,0,4,9,1,2,4,1,2.0,33,0.0,0,0.9,0.625,1,1,14.5,1,0.5,0
615,615,prop-6,454,11,1,0,8,26,5,5,3,11,0.7,177,1.0,1,0.0,0.290909091,0,0,14.81818182,2,1.2727,0
616,616,prop-6,454,6,2,0,2,14,11,1,1,4,0.8,105,0.4,4,0.764705882,0.4,1,1,15.66666667,3,1.0,0
617,617,prop-6,454,6,2,0,2,14,11,1,1,4,0.8,105,0.4,4,0.764705882,0.4,1,1,15.66666667,3,1.0,0
618,618,prop-6,454,4,1,0,18,43,4,1,17,3,0.666666667,219,1.0,1,0.0,0.375,0,0,53.5,4,1.5,0
619,619,prop-6,454,6,2,0,2,14,11,1,1,4,0.833333333,117,0.333333333,5,0.764705882,0.4,1,1,17.5,3,1.0,0
620,620,prop-6,454,4,1,0,5,4,6,5,0,4,2.0,4,0.0,0,0.0,0.833333333,0,0,0.0,1,1.0,0
621,621,prop-6,454,8,1,0,17,62,10,1,16,2,0.73015873,525,1.0,3,0.0,0.2875,0,0,63.5,3,1.375,0
622,622,prop-6,454,21,1,6,39,76,182,8,31,4,0.95625,495,1.0,4,0.0,0.111111111,0,0,21.80952381,2,1.0952,0
623,623,prop-6,454,6,1,0,4,13,15,2,2,5,2.0,84,0.0,0,0.0,0.5,0,0,13.0,1,0.8333,0
624,624,prop-6,454,5,4,2,11,8,8,11,0,4,1.0,26,1.0,0,0.894736842,0.6,0,0,3.8,1,0.4,0
625,625,prop-6,454,2,4,0,15,43,0,1,14,2,0.666666667,402,1.0,0,0.996168582,0.5555555560000001,2,3,198.5,17,8.5,0
626,626,prop-6,454,2,1,0,3,9,1,0,3,1,1.0,26,0.0,1,0.0,1.0,0,0,11.5,0,0.0,0
627,627,prop-6,454,11,1,0,2,12,31,2,0,10,0.86,64,1.0,0,0.0,0.681818182,0,0,4.363636364,1,0.8182,0
628,628,prop-6,454,9,1,0,2,11,24,2,0,9,0.84375,49,1.0,0,0.0,0.481481481,0,0,4.0,1,0.8889,0
629,629,prop-6,454,5,3,0,8,31,10,0,8,3,1.25,135,1.0,0,0.8620689659999999,0.4,2,2,25.8,1,0.8,0
630,630,prop-6,454,15,1,0,3,21,63,3,1,15,0.828571429,152,1.0,1,0.0,0.238095238,1,1,8.8,7,1.4,1
631,631,prop-6,454,13,1,0,13,44,60,1,12,10,0.7638888890000001,297,1.0,6,0.0,0.18589743600000005,0,0,21.38461538,6,1.7692,0
632,632,prop-6,454,20,1,0,6,42,118,4,3,20,0.8105263159999999,264,1.0,1,0.0,0.188888889,1,1,11.95,7,1.45,1
633,633,prop-6,454,5,1,0,7,21,6,1,6,4,1.0625,134,1.0,3,0.0,0.533333333,0,0,24.2,3,1.2,0
634,634,prop-6,454,2,2,0,7,11,1,0,7,2,1.0,35,1.0,0,0.833333333,1.0,0,0,16.0,1,0.5,0
635,635,prop-6,454,1,1,0,2,1,0,2,0,1,2.0,1,0.0,0,0.0,1.0,0,0,0.0,1,1.0,0
636,636,prop-6,454,2,2,0,4,5,1,0,4,2,2.0,11,0.0,0,0.666666667,0.75,0,0,4.5,1,0.5,0
637,637,prop-6,454,6,1,0,6,6,15,4,2,6,2.0,6,0.0,0,0.0,0.333333333,0,0,0.0,1,1.0,0
638,638,prop-6,454,2,1,0,3,2,1,2,1,2,2.0,2,0.0,0,0.0,0.75,0,0,0.0,1,1.0,0
639,639,prop-6,454,17,1,0,39,78,122,1,38,10,0.916666667,380,1.0,7,0.0,0.140522876,0,0,20.82352941,3,1.2941,0
640,640,prop-6,454,10,1,0,1,23,9,1,0,9,0.7555555559999999,155,1.0,0,0.0,0.65,0,0,14.0,3,1.0,0
641,641,prop-6,454,6,1,0,11,7,7,10,1,5,0.88,41,1.0,1,0.0,0.375,0,0,5.0,1,0.6667,0
642,642,prop-6,454,2,1,0,1,4,1,0,1,2,2.0,9,0.0,0,0.0,1.0,0,0,3.5,1,0.5,0
643,643,prop-6,454,9,1,0,6,18,0,6,0,9,0.59375,131,1.0,0,0.0,0.388888889,1,1,13.11111111,8,2.0,0
644,644,prop-6,454,5,1,4,4,9,0,4,0,4,0.375,35,1.0,0,0.0,0.6,0,0,5.6,1,0.8,0
645,645,prop-6,454,15,1,0,10,23,69,10,0,15,0.7857142859999999,213,1.0,0,0.0,0.3666666670000001,1,1,12.86666667,7,1.7333,1
646,646,prop-6,454,28,1,0,8,28,378,1,7,28,2.0,28,0.0,0,0.0,0.349206349,0,0,0.0,1,1.0,0
647,647,prop-6,454,12,1,0,9,35,66,0,9,12,2.0,156,0.0,0,0.0,0.297619048,1,1,12.0,1,0.9167,0
648,648,prop-6,454,28,1,0,11,28,378,1,10,28,2.0,28,0.0,0,0.0,0.267857143,0,0,0.0,1,1.0,0
649,649,prop-6,454,3,1,0,3,3,3,1,2,3,2.0,3,0.0,0,0.0,0.466666667,0,0,0.0,1,1.0,0
650,650,prop-6,454,4,1,0,6,4,6,5,1,4,2.0,4,0.0,0,0.0,0.6875,0,0,0.0,1,1.0,0
651,651,prop-6,454,27,1,0,37,111,267,0,37,24,0.903846154,645,1.0,10,0.0,0.117307692,0,0,22.44444444,4,1.4074,0
652,652,prop-6,454,12,1,0,8,14,30,7,1,12,0.848484848,88,1.0,1,0.0,0.3,0,0,5.833333333,1,0.8333,0
653,653,prop-6,454,9,1,0,5,13,20,4,1,9,0.791666667,99,1.0,1,0.0,0.288888889,1,1,9.666666667000001,7,1.6667,0
654,654,prop-6,454,3,1,0,9,26,3,1,8,3,2.0,138,0.0,0,0.0,0.5,0,0,45.0,5,2.3333,0
655,655,prop-6,454,9,2,0,10,20,36,5,10,9,2.0,80,0.0,0,0.2,0.377777778,0,0,7.888888888999999,1,0.8889,0
656,656,prop-6,454,6,2,0,7,15,15,2,7,6,2.0,46,0.0,0,0.28571428600000004,0.4,0,0,6.666666667,1,0.8333,0
657,657,prop-6,454,6,1,0,5,29,11,2,4,4,0.6,169,0.0,0,0.0,0.4,0,0,26.66666667,4,1.5,0
658,658,prop-6,454,6,1,0,3,31,1,1,2,3,0.5,203,1.0,1,0.0,0.333333333,0,0,32.5,3,1.3333,0
659,659,prop-6,454,29,1,0,11,50,180,10,1,26,0.726190476,418,1.0,0,0.0,0.226600985,1,1,13.20689655,7,1.2759,0
